<?xml version = '1.0' encoding = 'UTF-8'?>
<Diagram class="oracle.dbtools.crest.swingui.relational.DPVRelational" name="Relational_1" id="DF92C1EB-F09E-5CD5-2E5C-5CE4D86ECEBF">
<createdBy>lilia</createdBy>
<modifiedBy>lilia</modifiedBy>
<createdTime>2024-01-03 07:37:08 UTC</createdTime>
<autoRoute>false</autoRoute>
<boxInbox>true</boxInbox>
<showLegend>false</showLegend>
<showLabels>false</showLabels>
<showRelAttributes>false</showRelAttributes>
<gridEnabled>false</gridEnabled>
<showGrid>false</showGrid>
<diagramColor>-1</diagramColor>
<display>false</display>
<notation>1</notation>
<objectViews>
<OView class="oracle.dbtools.crest.swingui.relational.TVTable" oid="13B9DF47-BC12-5BB7-BE94-9A215D5F7A99" otype="Table" vid="487CEEC0-27A9-36F7-EA38-214439C79BCB">
<hideElementsInCurrentOnly>false</hideElementsInCurrentOnly>
<bounds x="732" y="850" width="297" height="254"/>
</OView>
<OView class="oracle.dbtools.crest.swingui.relational.TVTable" oid="2EA690EB-3A08-7848-4283-B0CDF69EC427" otype="Table" vid="E43EDDCA-FF7D-5841-4DF6-8A38EACC0658">
<hideElementsInCurrentOnly>false</hideElementsInCurrentOnly>
<bounds x="2116" y="330" width="232" height="122"/>
</OView>
<OView class="oracle.dbtools.crest.swingui.relational.TVTable" oid="3A44EF54-7860-006F-93D9-087ADC4F2E64" otype="Table" vid="A31D123A-69D2-D058-90B1-616E5AAE9EBF">
<hideElementsInCurrentOnly>false</hideElementsInCurrentOnly>
<bounds x="27" y="28" width="255" height="170"/>
</OView>
<OView class="oracle.dbtools.crest.swingui.relational.TVTable" oid="4F2BEF7C-B94B-46F8-1569-9789CD7B68F7" otype="Table" vid="E5399616-D8C2-361C-0A5D-013ADFBBDCEB">
<hideElementsInCurrentOnly>false</hideElementsInCurrentOnly>
<bounds x="10" y="264" width="106" height="110"/>
</OView>
<OView class="oracle.dbtools.crest.swingui.relational.TVTable" oid="628CB865-9070-9E8F-E14C-CA79945956C6" otype="Table" vid="9A820851-E202-13DA-A474-AB11BEDE87C2">
<hideElementsInCurrentOnly>false</hideElementsInCurrentOnly>
<bounds x="316" y="230" width="254" height="212"/>
</OView>
<OView class="oracle.dbtools.crest.swingui.relational.TVTable" oid="69A9172D-DAFB-C3A2-A325-20A8149A88B7" otype="Table" vid="92D0F4AF-43EE-9BAB-B207-D01C5FD0EA39">
<hideElementsInCurrentOnly>false</hideElementsInCurrentOnly>
<bounds x="336" y="4" width="394" height="122"/>
</OView>
<OView class="oracle.dbtools.crest.swingui.relational.TVTable" oid="8619AD82-EB04-FDE1-82A8-CA59E1D463C2" otype="Table" vid="9730AC64-5C3F-327E-EED9-74F38B47F37B">
<hideElementsInCurrentOnly>false</hideElementsInCurrentOnly>
<bounds x="105" y="579" width="248" height="220"/>
</OView>
<OView class="oracle.dbtools.crest.swingui.relational.TVTable" oid="A1D5775E-DC3A-594E-23C6-A64249042AD6" otype="Table" vid="30FF7663-3AC5-BA49-84AA-A02313E151C0">
<hideElementsInCurrentOnly>false</hideElementsInCurrentOnly>
<bounds x="388" y="509" width="246" height="108"/>
</OView>
<OView class="oracle.dbtools.crest.swingui.relational.TVTable" oid="A5BFCB8B-069A-446F-D32B-0A879453D3B6" otype="Table" vid="39F8EF96-555C-E772-D1C4-9BE9FAF92D61">
<hideElementsInCurrentOnly>false</hideElementsInCurrentOnly>
<bounds x="771" y="150" width="232" height="178"/>
</OView>
<OView class="oracle.dbtools.crest.swingui.relational.TVTable" oid="B27F812D-7FE3-B077-E387-E7B96AC2FCB3" otype="Table" vid="4CAE5C2C-B834-8865-3F32-A09011530AB8">
<hideElementsInCurrentOnly>false</hideElementsInCurrentOnly>
<bounds x="1612" y="312" width="256" height="178"/>
</OView>
<OView class="oracle.dbtools.crest.swingui.relational.TVTable" oid="B4EF5851-456E-B4B8-37F1-9C48ED2BE474" otype="Table" vid="E9A7B89E-042C-AF22-21DE-C21246E39B6F">
<hideElementsInCurrentOnly>false</hideElementsInCurrentOnly>
<bounds x="1050" y="409" width="254" height="226"/>
</OView>
<OView class="oracle.dbtools.crest.swingui.relational.TVTable" oid="BFF3577B-1CF0-B62D-C2BC-49EA7F9B7611" otype="Table" vid="1EC62A74-2233-F725-1B10-AABC3991BFE9">
<hideElementsInCurrentOnly>false</hideElementsInCurrentOnly>
<bounds x="23" y="882" width="271" height="198"/>
</OView>
<OView class="oracle.dbtools.crest.swingui.relational.TVTable" oid="C28295E2-0070-3F24-F7F8-E28180157CFC" otype="Table" vid="CCEA63C4-3F8F-A80E-FE8C-2C35B9D5A13A">
<hideElementsInCurrentOnly>false</hideElementsInCurrentOnly>
<bounds x="1521" y="107" width="237" height="122"/>
</OView>
<OView class="oracle.dbtools.crest.swingui.relational.TVTable" oid="CD25C5F2-352D-B558-38B3-5019E58F88AA" otype="Table" vid="8205336F-A01D-E9D4-D5EF-44DA06AB5450">
<hideElementsInCurrentOnly>false</hideElementsInCurrentOnly>
<bounds x="2122" y="526" width="223" height="122"/>
</OView>
<OView class="oracle.dbtools.crest.swingui.relational.TVTable" oid="D3180A3C-6886-8BE4-7A2F-13AC2E981D49" otype="Table" vid="1627B19D-5659-1507-F646-42854EB62B3B">
<hideElementsInCurrentOnly>false</hideElementsInCurrentOnly>
<bounds x="2097" y="89" width="226" height="122"/>
</OView>
<OView class="oracle.dbtools.crest.swingui.relational.TVTable" oid="D76E5A27-ACA1-B5EB-D548-7E5708D5208A" otype="Table" vid="B68CEE6F-1A28-5B51-432D-60961F6A3FB3">
<hideElementsInCurrentOnly>false</hideElementsInCurrentOnly>
<bounds x="1812" y="652" width="222" height="122"/>
</OView>
<OView class="oracle.dbtools.crest.swingui.relational.TVTable" oid="E9E74C88-1E27-33D5-03E7-6E00CF309246" otype="Table" vid="A49DAB13-F8A6-17FC-8B6C-9FB011F8EE96">
<hideElementsInCurrentOnly>false</hideElementsInCurrentOnly>
<bounds x="1818" y="81" width="225" height="136"/>
</OView>
<OView class="oracle.dbtools.crest.swingui.relational.TVTable" oid="F25FD440-9577-F039-107B-1959E4516D2E" otype="Table" vid="17FA07C9-C183-5FD6-2DBE-2E34FBE237D5">
<hideElementsInCurrentOnly>false</hideElementsInCurrentOnly>
<bounds x="1364" y="678" width="318" height="108"/>
</OView>
<OView class="oracle.dbtools.crest.swingui.relational.TVTable" oid="FC197333-B40A-E29A-0FEF-C1A020F8AC5E" otype="Table" vid="9F56B331-0C88-8BEB-761D-F85897573345">
<hideElementsInCurrentOnly>false</hideElementsInCurrentOnly>
<bounds x="1059" y="20" width="402" height="122"/>
</OView>
</objectViews>
<connectors>
<Connector class="oracle.dbtools.crest.swingui.relational.TVFKRelation" oid="03CA2B29-268A-48EC-9A33-CEFFD892B659" otype="FKIndexAssociation" vid_source="E5399616-D8C2-361C-0A5D-013ADFBBDCEB" vid_target="9A820851-E202-13DA-A474-AB11BEDE87C2">
<hideElementsInCurrentOnly>false</hideElementsInCurrentOnly>
<backgroundColor>-16777216</backgroundColor>
<lineWidth>1</lineWidth>
<points>
<point x="116" y="274"/>
<point x="316" y="274"/>
</points>
</Connector>
<Connector class="oracle.dbtools.crest.swingui.relational.TVFKRelation" oid="04726F93-3026-758C-730C-F08172331A82" otype="FKIndexAssociation" vid_source="E5399616-D8C2-361C-0A5D-013ADFBBDCEB" vid_target="1EC62A74-2233-F725-1B10-AABC3991BFE9">
<hideElementsInCurrentOnly>false</hideElementsInCurrentOnly>
<backgroundColor>-16777216</backgroundColor>
<lineWidth>1</lineWidth>
<points>
<point x="69" y="374"/>
<point x="69" y="882"/>
</points>
</Connector>
<Connector class="oracle.dbtools.crest.swingui.relational.TVFKRelation" oid="0AD22C24-E73A-2B6B-1A35-294B2572A10E" otype="FKIndexAssociation" vid_source="1EC62A74-2233-F725-1B10-AABC3991BFE9" vid_target="487CEEC0-27A9-36F7-EA38-214439C79BCB">
<hideElementsInCurrentOnly>false</hideElementsInCurrentOnly>
<backgroundColor>-16777216</backgroundColor>
<lineWidth>1</lineWidth>
<points>
<point x="294" y="981"/>
<point x="732" y="981"/>
</points>
</Connector>
<Connector class="oracle.dbtools.crest.swingui.relational.TVFKRelation" oid="154C057B-66FA-34C3-BA9C-FD5EAA2DE5F0" otype="FKIndexAssociation" vid_source="487CEEC0-27A9-36F7-EA38-214439C79BCB" vid_target="17FA07C9-C183-5FD6-2DBE-2E34FBE237D5">
<hideElementsInCurrentOnly>false</hideElementsInCurrentOnly>
<backgroundColor>-16777216</backgroundColor>
<lineWidth>1</lineWidth>
<points>
<point x="1029" y="920"/>
<point x="1381" y="786"/>
</points>
</Connector>
<Connector class="oracle.dbtools.crest.swingui.relational.TVFKRelation" oid="190DE651-E1D4-DC4A-93CB-D04D39EC7BEC" otype="FKIndexAssociation" vid_source="39F8EF96-555C-E772-D1C4-9BE9FAF92D61" vid_target="9A820851-E202-13DA-A474-AB11BEDE87C2">
<hideElementsInCurrentOnly>false</hideElementsInCurrentOnly>
<backgroundColor>-16777216</backgroundColor>
<lineWidth>1</lineWidth>
<points>
<point x="771" y="279"/>
<point x="570" y="279"/>
</points>
</Connector>
<Connector class="oracle.dbtools.crest.swingui.relational.TVFKRelation" oid="21069800-9043-366D-D32E-14177BF9F7CF" otype="FKIndexAssociation" vid_source="39F8EF96-555C-E772-D1C4-9BE9FAF92D61" vid_target="92D0F4AF-43EE-9BAB-B207-D01C5FD0EA39">
<hideElementsInCurrentOnly>false</hideElementsInCurrentOnly>
<backgroundColor>-16777216</backgroundColor>
<lineWidth>1</lineWidth>
<points>
<point x="771" y="181"/>
<point x="657" y="126"/>
</points>
</Connector>
<Connector class="oracle.dbtools.crest.swingui.relational.TVFKRelation" oid="28EB7362-10A7-F414-CA59-7B2F279D156C" otype="FKIndexAssociation" vid_source="E5399616-D8C2-361C-0A5D-013ADFBBDCEB" vid_target="30FF7663-3AC5-BA49-84AA-A02313E151C0">
<hideElementsInCurrentOnly>false</hideElementsInCurrentOnly>
<backgroundColor>-16777216</backgroundColor>
<lineWidth>1</lineWidth>
<points>
<point x="116" y="347"/>
<point x="411" y="509"/>
</points>
</Connector>
<Connector class="oracle.dbtools.crest.swingui.relational.TVFKRelation" oid="3A83256E-5F85-46B9-C7AE-E8E074437AE9" otype="FKIndexAssociation" vid_source="4CAE5C2C-B834-8865-3F32-A09011530AB8" vid_target="E43EDDCA-FF7D-5841-4DF6-8A38EACC0658">
<hideElementsInCurrentOnly>false</hideElementsInCurrentOnly>
<backgroundColor>-16777216</backgroundColor>
<lineWidth>1</lineWidth>
<points>
<point x="1868" y="391"/>
<point x="2116" y="391"/>
</points>
</Connector>
<Connector class="oracle.dbtools.crest.swingui.relational.TVFKRelation" oid="487815B7-D7A6-D98A-02E8-17F9284048AE" otype="FKIndexAssociation" vid_source="4CAE5C2C-B834-8865-3F32-A09011530AB8" vid_target="A49DAB13-F8A6-17FC-8B6C-9FB011F8EE96">
<hideElementsInCurrentOnly>false</hideElementsInCurrentOnly>
<backgroundColor>-16777216</backgroundColor>
<lineWidth>1</lineWidth>
<points>
<point x="1843" y="312"/>
<point x="1843" y="217"/>
</points>
</Connector>
<Connector class="oracle.dbtools.crest.swingui.relational.TVFKRelation" oid="575252E8-949A-8A3F-10C3-8408DD24346B" otype="FKIndexAssociation" vid_source="39F8EF96-555C-E772-D1C4-9BE9FAF92D61" vid_target="9F56B331-0C88-8BEB-761D-F85897573345">
<hideElementsInCurrentOnly>false</hideElementsInCurrentOnly>
<backgroundColor>-16777216</backgroundColor>
<lineWidth>1</lineWidth>
<points>
<point x="1003" y="189"/>
<point x="1115" y="142"/>
</points>
</Connector>
<Connector class="oracle.dbtools.crest.swingui.relational.TVFKRelation" oid="59418DEB-879D-42E6-DACB-8D719A2DB7F7" otype="FKIndexAssociation" vid_source="39F8EF96-555C-E772-D1C4-9BE9FAF92D61" vid_target="9730AC64-5C3F-327E-EED9-74F38B47F37B">
<hideElementsInCurrentOnly>false</hideElementsInCurrentOnly>
<backgroundColor>-16777216</backgroundColor>
<lineWidth>1</lineWidth>
<points>
<point x="771" y="318"/>
<point x="353" y="604"/>
</points>
</Connector>
<Connector class="oracle.dbtools.crest.swingui.relational.TVFKRelation" oid="5EFDCCE6-8BBE-2142-096F-44A078E6CA41" otype="FKIndexAssociation" vid_source="4CAE5C2C-B834-8865-3F32-A09011530AB8" vid_target="CCEA63C4-3F8F-A80E-FE8C-2C35B9D5A13A">
<hideElementsInCurrentOnly>false</hideElementsInCurrentOnly>
<backgroundColor>-16777216</backgroundColor>
<lineWidth>1</lineWidth>
<points>
<point x="1685" y="312"/>
<point x="1685" y="229"/>
</points>
</Connector>
<Connector class="oracle.dbtools.crest.swingui.relational.TVFKRelation" oid="635C76BC-A822-C9A5-0C09-67841B21DB77" otype="FKIndexAssociation" vid_source="4CAE5C2C-B834-8865-3F32-A09011530AB8" vid_target="B68CEE6F-1A28-5B51-432D-60961F6A3FB3">
<hideElementsInCurrentOnly>false</hideElementsInCurrentOnly>
<backgroundColor>-16777216</backgroundColor>
<lineWidth>1</lineWidth>
<points>
<point x="1840" y="490"/>
<point x="1840" y="652"/>
</points>
</Connector>
<Connector class="oracle.dbtools.crest.swingui.relational.TVFKRelation" oid="6C528191-8778-6337-AAE3-E53CECD50A80" otype="FKIndexAssociation" vid_source="4CAE5C2C-B834-8865-3F32-A09011530AB8" vid_target="9F56B331-0C88-8BEB-761D-F85897573345">
<hideElementsInCurrentOnly>false</hideElementsInCurrentOnly>
<backgroundColor>-16777216</backgroundColor>
<lineWidth>1</lineWidth>
<points>
<point x="1612" y="315"/>
<point x="1351" y="142"/>
</points>
</Connector>
<Connector class="oracle.dbtools.crest.swingui.relational.TVFKRelation" oid="82176ADE-755F-BF05-4C95-7243FFAA8D1C" otype="FKIndexAssociation" vid_source="39F8EF96-555C-E772-D1C4-9BE9FAF92D61" vid_target="487CEEC0-27A9-36F7-EA38-214439C79BCB">
<hideElementsInCurrentOnly>false</hideElementsInCurrentOnly>
<backgroundColor>-16777216</backgroundColor>
<lineWidth>1</lineWidth>
<points>
<point x="887" y="328"/>
<point x="887" y="850"/>
</points>
</Connector>
<Connector class="oracle.dbtools.crest.swingui.relational.TVFKRelation" oid="8FA0F144-C7C8-F29B-D818-B7CFE64AC195" otype="FKIndexAssociation" vid_source="E5399616-D8C2-361C-0A5D-013ADFBBDCEB" vid_target="9730AC64-5C3F-327E-EED9-74F38B47F37B">
<hideElementsInCurrentOnly>false</hideElementsInCurrentOnly>
<backgroundColor>-16777216</backgroundColor>
<lineWidth>1</lineWidth>
<points>
<point x="110" y="374"/>
<point x="110" y="579"/>
</points>
</Connector>
<Connector class="oracle.dbtools.crest.swingui.relational.TVFKRelation" oid="90641DB4-6E9C-1399-8111-159062457C79" otype="FKIndexAssociation" vid_source="E5399616-D8C2-361C-0A5D-013ADFBBDCEB" vid_target="A31D123A-69D2-D058-90B1-616E5AAE9EBF">
<hideElementsInCurrentOnly>false</hideElementsInCurrentOnly>
<backgroundColor>-16777216</backgroundColor>
<lineWidth>1</lineWidth>
<points>
<point x="71" y="264"/>
<point x="71" y="198"/>
</points>
</Connector>
<Connector class="oracle.dbtools.crest.swingui.relational.TVFKRelation" oid="960EC81B-4E99-0467-BE07-77E1771BB263" otype="FKIndexAssociation" vid_source="4CAE5C2C-B834-8865-3F32-A09011530AB8" vid_target="17FA07C9-C183-5FD6-2DBE-2E34FBE237D5">
<hideElementsInCurrentOnly>false</hideElementsInCurrentOnly>
<backgroundColor>-16777216</backgroundColor>
<lineWidth>1</lineWidth>
<points>
<point x="1647" y="490"/>
<point x="1647" y="678"/>
</points>
</Connector>
<Connector class="oracle.dbtools.crest.swingui.relational.TVFKRelation" oid="9B487A44-667B-8059-4DCE-1BF2928B9B85" otype="FKIndexAssociation" vid_source="E5399616-D8C2-361C-0A5D-013ADFBBDCEB" vid_target="92D0F4AF-43EE-9BAB-B207-D01C5FD0EA39">
<hideElementsInCurrentOnly>false</hideElementsInCurrentOnly>
<backgroundColor>-16777216</backgroundColor>
<lineWidth>1</lineWidth>
<points>
<point x="116" y="290"/>
<point x="420" y="126"/>
</points>
</Connector>
<Connector class="oracle.dbtools.crest.swingui.relational.TVFKRelation" oid="9CC26001-53DB-D0F9-9F14-73161056B435" otype="FKIndexAssociation" vid_source="4CAE5C2C-B834-8865-3F32-A09011530AB8" vid_target="1627B19D-5659-1507-F646-42854EB62B3B">
<hideElementsInCurrentOnly>false</hideElementsInCurrentOnly>
<backgroundColor>-16777216</backgroundColor>
<lineWidth>1</lineWidth>
<points>
<point x="1868" y="332"/>
<point x="2097" y="210"/>
</points>
</Connector>
<Connector class="oracle.dbtools.crest.swingui.relational.TVFKRelation" oid="9CDB1D4A-6052-414E-F826-74CE94B6C554" otype="FKIndexAssociation" vid_source="E5399616-D8C2-361C-0A5D-013ADFBBDCEB" vid_target="487CEEC0-27A9-36F7-EA38-214439C79BCB">
<hideElementsInCurrentOnly>false</hideElementsInCurrentOnly>
<backgroundColor>-16777216</backgroundColor>
<lineWidth>1</lineWidth>
<points>
<point x="116" y="361"/>
<point x="732" y="857"/>
</points>
</Connector>
<Connector class="oracle.dbtools.crest.swingui.relational.TVFKRelation" oid="AE3153D5-C8C9-2442-4874-38171CDC655B" otype="FKIndexAssociation" vid_source="4CAE5C2C-B834-8865-3F32-A09011530AB8" vid_target="8205336F-A01D-E9D4-D5EF-44DA06AB5450">
<hideElementsInCurrentOnly>false</hideElementsInCurrentOnly>
<backgroundColor>-16777216</backgroundColor>
<lineWidth>1</lineWidth>
<points>
<point x="1868" y="449"/>
<point x="2122" y="544"/>
</points>
</Connector>
<Connector class="oracle.dbtools.crest.swingui.relational.TVFKRelation" oid="B0233DCC-9413-7710-8E7E-FA6C41DD195E" otype="FKIndexAssociation" vid_source="39F8EF96-555C-E772-D1C4-9BE9FAF92D61" vid_target="E9A7B89E-042C-AF22-21DE-C21246E39B6F">
<hideElementsInCurrentOnly>false</hideElementsInCurrentOnly>
<backgroundColor>-16777216</backgroundColor>
<lineWidth>1</lineWidth>
<points>
<point x="978" y="328"/>
<point x="1061" y="409"/>
</points>
</Connector>
<Connector class="oracle.dbtools.crest.swingui.relational.TVFKRelation" oid="B5366E53-34CE-BAAF-23EB-01BF923A1D6D" otype="FKIndexAssociation" vid_source="39F8EF96-555C-E772-D1C4-9BE9FAF92D61" vid_target="1EC62A74-2233-F725-1B10-AABC3991BFE9">
<hideElementsInCurrentOnly>false</hideElementsInCurrentOnly>
<backgroundColor>-16777216</backgroundColor>
<lineWidth>1</lineWidth>
<points>
<point x="799" y="328"/>
<point x="255" y="882"/>
</points>
</Connector>
<Connector class="oracle.dbtools.crest.swingui.relational.TVFKRelation" oid="C2302FEE-3B75-537A-589F-265D9DB59308" otype="FKIndexAssociation" vid_source="E9A7B89E-042C-AF22-21DE-C21246E39B6F" vid_target="4CAE5C2C-B834-8865-3F32-A09011530AB8">
<hideElementsInCurrentOnly>false</hideElementsInCurrentOnly>
<backgroundColor>-16777216</backgroundColor>
<lineWidth>1</lineWidth>
<points>
<point x="1304" y="449"/>
<point x="1612" y="449"/>
</points>
</Connector>
<Connector class="oracle.dbtools.crest.swingui.relational.TVFKRelation" oid="C45E47B9-C47E-6BD9-01B9-83C23DBAAD0B" otype="FKIndexAssociation" vid_source="E5399616-D8C2-361C-0A5D-013ADFBBDCEB" vid_target="E9A7B89E-042C-AF22-21DE-C21246E39B6F">
<hideElementsInCurrentOnly>false</hideElementsInCurrentOnly>
<backgroundColor>-16777216</backgroundColor>
<lineWidth>1</lineWidth>
<points>
<point x="116" y="328"/>
<point x="1050" y="498"/>
</points>
</Connector>
<Connector class="oracle.dbtools.crest.swingui.relational.TVFKRelation" oid="D8442055-F145-728E-A22D-3088440BB0D9" otype="FKIndexAssociation" vid_source="E5399616-D8C2-361C-0A5D-013ADFBBDCEB" vid_target="39F8EF96-555C-E772-D1C4-9BE9FAF92D61">
<hideElementsInCurrentOnly>false</hideElementsInCurrentOnly>
<backgroundColor>-16777216</backgroundColor>
<lineWidth>1</lineWidth>
<points>
<point x="116" y="266"/>
<point x="771" y="266"/>
</points>
</Connector>
<Connector class="oracle.dbtools.crest.swingui.relational.TVFKRelation" oid="ECD7B9E9-3E4B-D661-06B4-DC9097BF28E1" otype="FKIndexAssociation" vid_source="E5399616-D8C2-361C-0A5D-013ADFBBDCEB" vid_target="4CAE5C2C-B834-8865-3F32-A09011530AB8">
<hideElementsInCurrentOnly>false</hideElementsInCurrentOnly>
<backgroundColor>-16777216</backgroundColor>
<lineWidth>1</lineWidth>
<points>
<point x="116" y="313"/>
<point x="1612" y="313"/>
</points>
</Connector>
</connectors>
</Diagram>