<?xml version = '1.0' encoding = 'UTF-8'?>
<Relation class="oracle.dbtools.crest.model.design.logical.Relation" name="Relation_2" directorySegmentName="seg_0" id="1619FAD1-EFA0-E789-FB69-D17C05BA4AD9">
<createdBy>lilia</createdBy>
<createdTime>2024-01-03 17:38:58 UTC</createdTime>
<ownerDesignName>sqlmps</ownerDesignName>
<engineerTo>
<item key="3ACC1290-1CED-E629-4485-2288E8AAA136" value="true"/>
</engineerTo>
<sourcePk>1330BEE1-7F9D-0DCB-78C5-C7DE1FECF788</sourcePk>
<identifying>false</identifying>
<optionalSource>true</optionalSource>
<optionalTarget>false</optionalTarget>
<sourceCardinality>1</sourceCardinality>
<sourceEntity>DDB56F9D-8E3D-D220-FE32-8E240B156487</sourceEntity>
<targetCardinalityString>*</targetCardinalityString>
<targetEntity>0D9A6AF4-313D-128F-327A-E9D67390E605</targetEntity>
<transferable>true</transferable>
<deleteRule>NO ACTION</deleteRule>
</Relation>