<?xml version = '1.0' encoding = 'UTF-8'?>
<Relation class="oracle.dbtools.crest.model.design.logical.Relation" name="Relation_5" directorySegmentName="seg_0" id="17C2F078-5105-0DC9-76FE-01BA318875EC">
<createdBy>lilia</createdBy>
<createdTime>2024-01-03 19:35:55 UTC</createdTime>
<ownerDesignName>sqlmps</ownerDesignName>
<engineerTo>
<item key="3ACC1290-1CED-E629-4485-2288E8AAA136" value="true"/>
</engineerTo>
<sourcePk>1330BEE1-7F9D-0DCB-78C5-C7DE1FECF788</sourcePk>
<identifying>false</identifying>
<optionalSource>true</optionalSource>
<optionalTarget>false</optionalTarget>
<sourceCardinality>1</sourceCardinality>
<sourceEntity>DDB56F9D-8E3D-D220-FE32-8E240B156487</sourceEntity>
<targetCardinalityString>*</targetCardinalityString>
<targetEntity>A6187EE3-752E-EF88-5871-01DFC74D382E</targetEntity>
<transferable>true</transferable>
<deleteRule>NO ACTION</deleteRule>
</Relation>