<?xml version = '1.0' encoding = 'UTF-8'?>
<Relation class="oracle.dbtools.crest.model.design.logical.Relation" name="Relation_14" directorySegmentName="seg_0" id="31BDF69A-8E76-E218-5268-F915C73C5A3B">
<createdBy>lilia</createdBy>
<createdTime>2024-01-03 19:44:43 UTC</createdTime>
<ownerDesignName>sqlmps</ownerDesignName>
<engineerTo>
<item key="3ACC1290-1CED-E629-4485-2288E8AAA136" value="true"/>
</engineerTo>
<sourcePk>B6382259-F659-39D5-95B0-C5DCCB720821</sourcePk>
<identifying>false</identifying>
<optionalSource>true</optionalSource>
<optionalTarget>false</optionalTarget>
<sourceCardinality>1</sourceCardinality>
<sourceEntity>0D9A6AF4-313D-128F-327A-E9D67390E605</sourceEntity>
<targetCardinalityString>1</targetCardinalityString>
<targetEntity>9704F2A6-9626-902A-9284-F99251038EE6</targetEntity>
<transferable>true</transferable>
<deleteRule>NO ACTION</deleteRule>
</Relation>