<?xml version = '1.0' encoding = 'UTF-8'?>
<Relation class="oracle.dbtools.crest.model.design.logical.Relation" name="Relation_19" directorySegmentName="seg_0" id="4293E8A2-6826-8507-E36A-38B48800E363">
<createdBy>lilia</createdBy>
<createdTime>2024-01-03 19:48:49 UTC</createdTime>
<ownerDesignName>sqlmps</ownerDesignName>
<engineerTo>
<item key="3ACC1290-1CED-E629-4485-2288E8AAA136" value="true"/>
</engineerTo>
<identifying>false</identifying>
<optionalSource>true</optionalSource>
<optionalTarget>false</optionalTarget>
<sourceCardinality>*</sourceCardinality>
<sourceEntity>CA14B929-7672-325F-1C72-30010E08D498</sourceEntity>
<targetCardinalityString>*</targetCardinalityString>
<targetEntity>0D9A6AF4-313D-128F-327A-E9D67390E605</targetEntity>
<transferable>true</transferable>
<deleteRule>NO ACTION</deleteRule>
</Relation>