<?xml version = '1.0' encoding = 'UTF-8'?>
<Relation class="oracle.dbtools.crest.model.design.logical.Relation" name="Relation_26" directorySegmentName="seg_0" id="6798EBFB-DCE9-CF8C-2208-888CE68A283E">
<createdBy>lilia</createdBy>
<createdTime>2024-01-08 20:24:26 UTC</createdTime>
<ownerDesignName>sqlmps</ownerDesignName>
<engineerTo>
<item key="3ACC1290-1CED-E629-4485-2288E8AAA136" value="true"/>
</engineerTo>
<sourcePk>C45278F8-BAEF-5712-7441-3E0D104FE171</sourcePk>
<identifying>false</identifying>
<optionalSource>true</optionalSource>
<optionalTarget>false</optionalTarget>
<sourceCardinality>1</sourceCardinality>
<sourceEntity>CA14B929-7672-325F-1C72-30010E08D498</sourceEntity>
<targetCardinalityString>1</targetCardinalityString>
<targetEntity>A6187EE3-752E-EF88-5871-01DFC74D382E</targetEntity>
<transferable>true</transferable>
<deleteRule>NO ACTION</deleteRule>
</Relation>