<?xml version = '1.0' encoding = 'UTF-8'?>
<Relation class="oracle.dbtools.crest.model.design.logical.Relation" name="Relation_18" directorySegmentName="seg_0" id="6D46C634-2BCF-276B-0F92-B82EBB23B394">
<createdBy>lilia</createdBy>
<createdTime>2024-01-03 19:45:30 UTC</createdTime>
<ownerDesignName>sqlmps</ownerDesignName>
<engineerTo>
<item key="3ACC1290-1CED-E629-4485-2288E8AAA136" value="true"/>
</engineerTo>
<sourcePk>B6382259-F659-39D5-95B0-C5DCCB720821</sourcePk>
<identifying>false</identifying>
<optionalSource>true</optionalSource>
<optionalTarget>false</optionalTarget>
<sourceCardinality>1</sourceCardinality>
<sourceEntity>0D9A6AF4-313D-128F-327A-E9D67390E605</sourceEntity>
<targetCardinalityString>1</targetCardinalityString>
<targetEntity>F092081D-2E93-0884-C170-94A7A60A169C</targetEntity>
<transferable>true</transferable>
<deleteRule>NO ACTION</deleteRule>
</Relation>