<?xml version = '1.0' encoding = 'UTF-8'?>
<Relation class="oracle.dbtools.crest.model.design.logical.Relation" name="Relation_31" directorySegmentName="seg_0" id="78EBE756-CA38-AA70-EE0B-D217A5962372">
<createdBy>lilia</createdBy>
<createdTime>2024-01-08 20:31:36 UTC</createdTime>
<ownerDesignName>sqlmps</ownerDesignName>
<engineerTo>
<item key="3ACC1290-1CED-E629-4485-2288E8AAA136" value="true"/>
</engineerTo>
<sourcePk>1330BEE1-7F9D-0DCB-78C5-C7DE1FECF788</sourcePk>
<identifying>false</identifying>
<optionalSource>true</optionalSource>
<optionalTarget>false</optionalTarget>
<sourceCardinality>1</sourceCardinality>
<sourceEntity>DDB56F9D-8E3D-D220-FE32-8E240B156487</sourceEntity>
<targetCardinalityString>1</targetCardinalityString>
<targetEntity>6206EFD2-9E6B-6BCF-08CF-F8A9354C897B</targetEntity>
<transferable>true</transferable>
<deleteRule>NO ACTION</deleteRule>
</Relation>