<?xml version = '1.0' encoding = 'UTF-8'?>
<Relation class="oracle.dbtools.crest.model.design.logical.Relation" name="Relation_20" directorySegmentName="seg_0" id="A5D461CE-B2B3-5E5F-C795-12B76147D459">
<createdBy>lilia</createdBy>
<createdTime>2024-01-03 19:49:24 UTC</createdTime>
<ownerDesignName>sqlmps</ownerDesignName>
<engineerTo>
<item key="3ACC1290-1CED-E629-4485-2288E8AAA136" value="true"/>
</engineerTo>
<identifying>false</identifying>
<optionalSource>true</optionalSource>
<optionalTarget>false</optionalTarget>
<sourceCardinality>*</sourceCardinality>
<sourceEntity>EDF78009-A26D-DD43-D486-10865D34EA89</sourceEntity>
<targetCardinalityString>*</targetCardinalityString>
<targetEntity>0D9A6AF4-313D-128F-327A-E9D67390E605</targetEntity>
<transferable>true</transferable>
<deleteRule>NO ACTION</deleteRule>
</Relation>