<?xml version = '1.0' encoding = 'UTF-8'?>
<Relation class="oracle.dbtools.crest.model.design.logical.Relation" name="Relation_25" directorySegmentName="seg_0" id="BD9B3363-87D6-12EA-9942-118EBD31F312">
<createdBy>lilia</createdBy>
<createdTime>2024-01-08 20:23:22 UTC</createdTime>
<ownerDesignName>sqlmps</ownerDesignName>
<engineerTo>
<item key="3ACC1290-1CED-E629-4485-2288E8AAA136" value="true"/>
</engineerTo>
<identifying>false</identifying>
<optionalSource>true</optionalSource>
<optionalTarget>false</optionalTarget>
<sourceCardinality>1</sourceCardinality>
<sourceEntity>01A5D3CB-4E75-FA12-1C60-4780AC62C8D7</sourceEntity>
<targetCardinalityString>*</targetCardinalityString>
<targetEntity>0D9A6AF4-313D-128F-327A-E9D67390E605</targetEntity>
<transferable>true</transferable>
<deleteRule>NO ACTION</deleteRule>
</Relation>