<?xml version = '1.0' encoding = 'UTF-8'?>
<Relation class="oracle.dbtools.crest.model.design.logical.Relation" name="Relation_28" directorySegmentName="seg_0" id="C3D81924-9A96-65DF-A703-DAD5D6AE24F7">
<createdBy>lilia</createdBy>
<createdTime>2024-01-08 20:25:01 UTC</createdTime>
<ownerDesignName>sqlmps</ownerDesignName>
<engineerTo>
<item key="3ACC1290-1CED-E629-4485-2288E8AAA136" value="true"/>
</engineerTo>
<sourcePk>C45278F8-BAEF-5712-7441-3E0D104FE171</sourcePk>
<identifying>false</identifying>
<optionalSource>true</optionalSource>
<optionalTarget>false</optionalTarget>
<sourceCardinality>1</sourceCardinality>
<sourceEntity>CA14B929-7672-325F-1C72-30010E08D498</sourceEntity>
<targetCardinalityString>1</targetCardinalityString>
<targetEntity>83E476FC-D1E8-2643-F46C-4A21841AFC90</targetEntity>
<transferable>true</transferable>
<deleteRule>NO ACTION</deleteRule>
</Relation>