<?xml version = '1.0' encoding = 'UTF-8'?>
<Relation class="oracle.dbtools.crest.model.design.logical.Relation" name="Relation_3" directorySegmentName="seg_0" id="CE36CAFE-CF02-6FCE-66C8-CD7E07B0E878">
<createdBy>lilia</createdBy>
<createdTime>2024-01-03 19:35:15 UTC</createdTime>
<ownerDesignName>sqlmps</ownerDesignName>
<engineerTo>
<item key="3ACC1290-1CED-E629-4485-2288E8AAA136" value="true"/>
</engineerTo>
<sourcePk>1330BEE1-7F9D-0DCB-78C5-C7DE1FECF788</sourcePk>
<identifying>false</identifying>
<optionalSource>true</optionalSource>
<optionalTarget>false</optionalTarget>
<sourceCardinality>1</sourceCardinality>
<sourceEntity>DDB56F9D-8E3D-D220-FE32-8E240B156487</sourceEntity>
<targetCardinalityString>1</targetCardinalityString>
<targetEntity>8BBAF1A2-717D-81D1-60E0-4D58FA55CEAC</targetEntity>
<transferable>true</transferable>
<deleteRule>NO ACTION</deleteRule>
</Relation>