<?xml version = '1.0' encoding = 'UTF-8'?>
<Relation class="oracle.dbtools.crest.model.design.logical.Relation" name="Relation_10" directorySegmentName="seg_0" id="E0186D4A-1A45-89E5-82A2-54C393291549">
<createdBy>lilia</createdBy>
<createdTime>2024-01-03 19:40:31 UTC</createdTime>
<ownerDesignName>sqlmps</ownerDesignName>
<engineerTo>
<item key="3ACC1290-1CED-E629-4485-2288E8AAA136" value="true"/>
</engineerTo>
<sourcePk>1330BEE1-7F9D-0DCB-78C5-C7DE1FECF788</sourcePk>
<identifying>false</identifying>
<optionalSource>true</optionalSource>
<optionalTarget>false</optionalTarget>
<sourceCardinality>1</sourceCardinality>
<sourceEntity>DDB56F9D-8E3D-D220-FE32-8E240B156487</sourceEntity>
<targetCardinalityString>*</targetCardinalityString>
<targetEntity>EDF78009-A26D-DD43-D486-10865D34EA89</targetEntity>
<transferable>true</transferable>
<deleteRule>NO ACTION</deleteRule>
</Relation>