<?xml version = '1.0' encoding = 'UTF-8'?>
<Relation class="oracle.dbtools.crest.model.design.logical.Relation" name="Relation_12" directorySegmentName="seg_0" id="E4574FC2-403F-3868-121D-DB3647BB493B">
<createdBy>lilia</createdBy>
<createdTime>2024-01-03 19:43:49 UTC</createdTime>
<ownerDesignName>sqlmps</ownerDesignName>
<engineerTo>
<item key="3ACC1290-1CED-E629-4485-2288E8AAA136" value="true"/>
</engineerTo>
<sourcePk>04EC6F9D-CD0B-FA14-A787-F21FE716586A</sourcePk>
<identifying>false</identifying>
<optionalSource>true</optionalSource>
<optionalTarget>false</optionalTarget>
<sourceCardinality>1</sourceCardinality>
<sourceEntity>1C8BED96-EBD7-BEC6-DEBD-07C0AFF3743D</sourceEntity>
<targetCardinalityString>1</targetCardinalityString>
<targetEntity>EDF78009-A26D-DD43-D486-10865D34EA89</targetEntity>
<transferable>true</transferable>
<deleteRule>NO ACTION</deleteRule>
</Relation>