<?xml version = '1.0' encoding = 'UTF-8'?>
<Entity class="oracle.dbtools.crest.model.design.logical.Entity" directorySegmentName="seg_0" id="01A5D3CB-4E75-FA12-1C60-4780AC62C8D7" name="historico">
<createdBy>lilia</createdBy>
<createdTime>2024-01-03 19:03:55 UTC</createdTime>
<ownerDesignName>sqlmps</ownerDesignName>
<engineerTo>
<item key="3ACC1290-1CED-E629-4485-2288E8AAA136" value="true"/>
</engineerTo>
<adequatelyNormalized>NO</adequatelyNormalized>
<expectedVolumes>0</expectedVolumes>
<fwdEngineeringStrategyName>Single Table</fwdEngineeringStrategyName>
<growthPercent>0</growthPercent>
<growthType>Year</growthType>
<maxVolumes>9999999</maxVolumes>
<minVolumes>0</minVolumes>
<normalForm>Third</normalForm>
<attributes itemClass="oracle.dbtools.crest.model.design.logical.Attribute">
<Attribute name="atv_realizadas" id="A2856737-AD30-2501-2BAC-9A51C253A485">
<createdBy>lilia</createdBy>
<createdTime>2024-01-03 19:04:10 UTC</createdTime>
<ownerDesignName>sqlmps</ownerDesignName>
<engineerTo>
<item key="3ACC1290-1CED-E629-4485-2288E8AAA136" value="true"/>
</engineerTo>
<nullsAllowed>true</nullsAllowed>
<useDomainConstraints>false</useDomainConstraints>
<use>1</use>
<logicalDatatype>LOGDT024</logicalDatatype>
<dataTypeSize>500</dataTypeSize>
<ownDataTypeParameters>500,,</ownDataTypeParameters>
</Attribute>
<Attribute name="periodo" id="1FACB696-5117-83CE-CEC4-F661B854EBF6">
<createdBy>lilia</createdBy>
<createdTime>2024-01-03 19:04:53 UTC</createdTime>
<ownerDesignName>sqlmps</ownerDesignName>
<engineerTo>
<item key="3ACC1290-1CED-E629-4485-2288E8AAA136" value="true"/>
</engineerTo>
<nullsAllowed>true</nullsAllowed>
<useDomainConstraints>false</useDomainConstraints>
<use>1</use>
<logicalDatatype>LOGDT024</logicalDatatype>
<dataTypeSize>6</dataTypeSize>
<ownDataTypeParameters>6,,</ownDataTypeParameters>
</Attribute>
<Attribute name="id_usuario" id="2BC83604-D55A-D1C9-26C6-D1D78FF5D0D7">
<createdBy>lilia</createdBy>
<createdTime>2024-01-08 21:01:07 UTC</createdTime>
<generatorID>BE671EDC-CE17-5EA5-0122-4525B59251A8</generatorID>
<ownerDesignName>sqlmps</ownerDesignName>
<engineerTo>
<item key="3ACC1290-1CED-E629-4485-2288E8AAA136" value="true"/>
</engineerTo>
<referedAttribute>DB1741F3-65F7-868F-F00C-17BF3B91F93B</referedAttribute>
<useDomainConstraints>false</useDomainConstraints>
<use>1</use>
<logicalDatatype>LOGDT011</logicalDatatype>
<ownDataTypeParameters>,,</ownDataTypeParameters>
</Attribute>
<Attribute name="id_grupo" id="BD43F1C8-9F89-443F-F9F8-B66B47DBF87E">
<createdBy>lilia</createdBy>
<createdTime>2024-01-08 21:02:20 UTC</createdTime>
<generatorID>B3603061-A00F-9FA2-7129-E2714DAC1292</generatorID>
<ownerDesignName>sqlmps</ownerDesignName>
<engineerTo>
<item key="3ACC1290-1CED-E629-4485-2288E8AAA136" value="true"/>
</engineerTo>
<referedAttribute>06342BC8-8684-59AE-C0F0-544B93CFEC08</referedAttribute>
<use>1</use>
<logicalDatatype>LOGDT011</logicalDatatype>
<ownDataTypeParameters>,,</ownDataTypeParameters>
</Attribute>
</attributes>
</Entity>