<?xml version = '1.0' encoding = 'UTF-8'?>
<Entity class="oracle.dbtools.crest.model.design.logical.Entity" directorySegmentName="seg_0" id="0D9A6AF4-313D-128F-327A-E9D67390E605" name="Atividade">
<createdBy>lilia</createdBy>
<createdTime>2024-01-03 03:56:10 UTC</createdTime>
<ownerDesignName>sqlmps</ownerDesignName>
<engineerTo>
<item key="3ACC1290-1CED-E629-4485-2288E8AAA136" value="true"/>
</engineerTo>
<adequatelyNormalized>NO</adequatelyNormalized>
<expectedVolumes>0</expectedVolumes>
<fwdEngineeringStrategyName>Single Table</fwdEngineeringStrategyName>
<growthPercent>0</growthPercent>
<growthType>Year</growthType>
<maxVolumes>9999999</maxVolumes>
<minVolumes>0</minVolumes>
<normalForm>Third</normalForm>
<attributes itemClass="oracle.dbtools.crest.model.design.logical.Attribute">
<Attribute name="nome" id="36A67083-080B-75B3-20CD-5769A8931FBE">
<createdBy>lilia</createdBy>
<createdTime>2024-01-03 03:59:47 UTC</createdTime>
<ownerDesignName>sqlmps</ownerDesignName>
<engineerTo>
<item key="3ACC1290-1CED-E629-4485-2288E8AAA136" value="true"/>
</engineerTo>
<useDomainConstraints>false</useDomainConstraints>
<use>1</use>
<logicalDatatype>LOGDT024</logicalDatatype>
<dataTypeSize>20</dataTypeSize>
<ownDataTypeParameters>20,,</ownDataTypeParameters>
</Attribute>
<Attribute name="descricao" id="7C171BD9-3438-0D3A-DA03-FE6E9311ED31">
<createdBy>lilia</createdBy>
<createdTime>2024-01-03 04:00:10 UTC</createdTime>
<ownerDesignName>sqlmps</ownerDesignName>
<engineerTo>
<item key="3ACC1290-1CED-E629-4485-2288E8AAA136" value="true"/>
</engineerTo>
<useDomainConstraints>false</useDomainConstraints>
<use>1</use>
<logicalDatatype>LOGDT024</logicalDatatype>
<dataTypeSize>100</dataTypeSize>
<ownDataTypeParameters>100,,</ownDataTypeParameters>
</Attribute>
<Attribute name="status" id="F78CB4DC-928B-95F5-9E6C-6B7527D063E7">
<createdBy>lilia</createdBy>
<createdTime>2024-01-08 20:43:03 UTC</createdTime>
<ownerDesignName>sqlmps</ownerDesignName>
<engineerTo>
<item key="3ACC1290-1CED-E629-4485-2288E8AAA136" value="true"/>
</engineerTo>
<nullsAllowed>true</nullsAllowed>
<useDomainConstraints>false</useDomainConstraints>
<use>1</use>
<logicalDatatype>LOGDT006</logicalDatatype>
<dataTypeSize>1</dataTypeSize>
<ownDataTypeParameters>1,,</ownDataTypeParameters>
</Attribute>
<Attribute name="id_usuario" id="FCF8D594-B407-5C72-569E-5EA6F94C8BD2">
<createdBy>lilia</createdBy>
<createdTime>2024-01-08 21:01:07 UTC</createdTime>
<generatorID>1619FAD1-EFA0-E789-FB69-D17C05BA4AD9</generatorID>
<ownerDesignName>sqlmps</ownerDesignName>
<engineerTo>
<item key="3ACC1290-1CED-E629-4485-2288E8AAA136" value="true"/>
</engineerTo>
<referedAttribute>DB1741F3-65F7-868F-F00C-17BF3B91F93B</referedAttribute>
<useDomainConstraints>false</useDomainConstraints>
<use>1</use>
<logicalDatatype>LOGDT011</logicalDatatype>
<ownDataTypeParameters>,,</ownDataTypeParameters>
</Attribute>
<Attribute name="id_atividade" id="F5308691-2B8E-7B5C-EE3C-018CFDB05561">
<createdBy>lilia</createdBy>
<createdTime>2024-01-08 21:02:47 UTC</createdTime>
<ownerDesignName>sqlmps</ownerDesignName>
<engineerTo>
<item key="3ACC1290-1CED-E629-4485-2288E8AAA136" value="true"/>
</engineerTo>
<useDomainConstraints>false</useDomainConstraints>
<use>1</use>
<logicalDatatype>LOGDT011</logicalDatatype>
<ownDataTypeParameters>,,</ownDataTypeParameters>
</Attribute>
</attributes>
<identifiers itemClass="oracle.dbtools.crest.model.design.logical.CandidateKey">
<identifier id="B6382259-F659-39D5-95B0-C5DCCB720821" name="Key_1">
<createdBy>lilia</createdBy>
<createdTime>2024-01-03 04:01:57 UTC</createdTime>
<ownerDesignName>sqlmps</ownerDesignName>
<shouldEngineer>false</shouldEngineer>
<engineerTo>
<item key="3ACC1290-1CED-E629-4485-2288E8AAA136" value="false"/>
</engineerTo>
<pk>true</pk>
<newElementsIDs>F5308691-2B8E-7B5C-EE3C-018CFDB05561</newElementsIDs>
<usedAttributes>
<attributeRef>F5308691-2B8E-7B5C-EE3C-018CFDB05561</attributeRef>
</usedAttributes>
</identifier>
</identifiers>
</Entity>