<?xml version = '1.0' encoding = 'UTF-8'?>
<Entity class="oracle.dbtools.crest.model.design.logical.Entity" directorySegmentName="seg_0" id="1C8BED96-EBD7-BEC6-DEBD-07C0AFF3743D" name="Videoconferencia">
<createdBy>lilia</createdBy>
<createdTime>2024-01-03 19:17:32 UTC</createdTime>
<ownerDesignName>sqlmps</ownerDesignName>
<engineerTo>
<item key="3ACC1290-1CED-E629-4485-2288E8AAA136" value="true"/>
</engineerTo>
<adequatelyNormalized>NO</adequatelyNormalized>
<expectedVolumes>0</expectedVolumes>
<fwdEngineeringStrategyName>Single Table</fwdEngineeringStrategyName>
<growthPercent>0</growthPercent>
<growthType>Year</growthType>
<maxVolumes>9999999</maxVolumes>
<minVolumes>0</minVolumes>
<normalForm>Third</normalForm>
<attributes itemClass="oracle.dbtools.crest.model.design.logical.Attribute">
<Attribute name="link" id="138901B0-1538-CBCE-E1EC-2E6CCC80F996">
<createdBy>lilia</createdBy>
<createdTime>2024-01-03 19:18:10 UTC</createdTime>
<ownerDesignName>sqlmps</ownerDesignName>
<engineerTo>
<item key="3ACC1290-1CED-E629-4485-2288E8AAA136" value="true"/>
</engineerTo>
<useDomainConstraints>false</useDomainConstraints>
<use>1</use>
<logicalDatatype>LOGDT024</logicalDatatype>
<dataTypeSize>80</dataTypeSize>
<ownDataTypeParameters>80,,</ownDataTypeParameters>
</Attribute>
<Attribute name="id_usuario" id="51D6AFC2-C334-D10F-9A46-40CB90A005C1">
<createdBy>lilia</createdBy>
<createdTime>2024-01-08 21:01:07 UTC</createdTime>
<generatorID>54233338-61D3-3E36-6F84-1CB1FAE87866</generatorID>
<ownerDesignName>sqlmps</ownerDesignName>
<engineerTo>
<item key="3ACC1290-1CED-E629-4485-2288E8AAA136" value="true"/>
</engineerTo>
<referedAttribute>DB1741F3-65F7-868F-F00C-17BF3B91F93B</referedAttribute>
<useDomainConstraints>false</useDomainConstraints>
<use>1</use>
<logicalDatatype>LOGDT011</logicalDatatype>
<ownDataTypeParameters>,,</ownDataTypeParameters>
</Attribute>
<Attribute name="id_grupo" id="306E36E0-DD64-2CED-AD96-29F4C4DB5759">
<createdBy>lilia</createdBy>
<createdTime>2024-01-08 21:02:20 UTC</createdTime>
<generatorID>EF7044AF-8AD4-A43C-E001-313DED25626F</generatorID>
<ownerDesignName>sqlmps</ownerDesignName>
<engineerTo>
<item key="3ACC1290-1CED-E629-4485-2288E8AAA136" value="true"/>
</engineerTo>
<referedAttribute>06342BC8-8684-59AE-C0F0-544B93CFEC08</referedAttribute>
<use>1</use>
<logicalDatatype>LOGDT011</logicalDatatype>
<ownDataTypeParameters>,,</ownDataTypeParameters>
</Attribute>
</attributes>
<identifiers itemClass="oracle.dbtools.crest.model.design.logical.CandidateKey">
<identifier id="04EC6F9D-CD0B-FA14-A787-F21FE716586A" name="Videoconferencia PK">
<createdBy>lilia</createdBy>
<createdTime>2024-01-03 19:18:35 UTC</createdTime>
<ownerDesignName>sqlmps</ownerDesignName>
<shouldEngineer>false</shouldEngineer>
<engineerTo>
<item key="3ACC1290-1CED-E629-4485-2288E8AAA136" value="false"/>
</engineerTo>
<pk>true</pk>
<usedAttributes>
<attributeRef>138901B0-1538-CBCE-E1EC-2E6CCC80F996</attributeRef>
</usedAttributes>
</identifier>
</identifiers>
</Entity>