<?xml version = '1.0' encoding = 'UTF-8'?>
<Entity class="oracle.dbtools.crest.model.design.logical.Entity" directorySegmentName="seg_0" id="9B2FB0E2-F325-9461-6F22-F9988F761450" name="Tarefa">
<createdBy>lilia</createdBy>
<createdTime>2024-01-03 19:27:14 UTC</createdTime>
<ownerDesignName>sqlmps</ownerDesignName>
<engineerTo>
<item key="3ACC1290-1CED-E629-4485-2288E8AAA136" value="true"/>
</engineerTo>
<adequatelyNormalized>NO</adequatelyNormalized>
<expectedVolumes>0</expectedVolumes>
<fwdEngineeringStrategyName>Single Table</fwdEngineeringStrategyName>
<growthPercent>0</growthPercent>
<growthType>Year</growthType>
<maxVolumes>9999999</maxVolumes>
<minVolumes>0</minVolumes>
<normalForm>Third</normalForm>
<attributes itemClass="oracle.dbtools.crest.model.design.logical.Attribute">
<Attribute name="tipo" id="F62F935D-19E1-41C6-2278-76DCA8A9BE32">
<createdBy>lilia</createdBy>
<createdTime>2024-01-03 19:27:26 UTC</createdTime>
<ownerDesignName>sqlmps</ownerDesignName>
<engineerTo>
<item key="3ACC1290-1CED-E629-4485-2288E8AAA136" value="true"/>
</engineerTo>
<nullsAllowed>true</nullsAllowed>
<useDomainConstraints>false</useDomainConstraints>
<use>1</use>
<logicalDatatype>LOGDT024</logicalDatatype>
<dataTypeSize>10</dataTypeSize>
<ownDataTypeParameters>10,,</ownDataTypeParameters>
</Attribute>
<Attribute name="id_atividade" id="CCAE9F56-4FE5-D9C5-B946-A78DE98CDD65">
<createdBy>lilia</createdBy>
<createdTime>2024-01-08 21:02:54 UTC</createdTime>
<generatorID>0516EBFB-3EBC-1803-DA63-7268831E87D9</generatorID>
<ownerDesignName>sqlmps</ownerDesignName>
<engineerTo>
<item key="3ACC1290-1CED-E629-4485-2288E8AAA136" value="true"/>
</engineerTo>
<referedAttribute>F5308691-2B8E-7B5C-EE3C-018CFDB05561</referedAttribute>
<use>1</use>
<logicalDatatype>LOGDT011</logicalDatatype>
<ownDataTypeParameters>,,</ownDataTypeParameters>
</Attribute>
</attributes>
</Entity>