<?xml version = '1.0' encoding = 'UTF-8'?>
<Entity class="oracle.dbtools.crest.model.design.logical.Entity" directorySegmentName="seg_0" id="A6187EE3-752E-EF88-5871-01DFC74D382E" name="Anotaçao">
<createdBy>lilia</createdBy>
<createdTime>2024-01-03 18:59:52 UTC</createdTime>
<ownerDesignName>sqlmps</ownerDesignName>
<engineerTo>
<item key="3ACC1290-1CED-E629-4485-2288E8AAA136" value="true"/>
</engineerTo>
<adequatelyNormalized>NO</adequatelyNormalized>
<expectedVolumes>0</expectedVolumes>
<fwdEngineeringStrategyName>Single Table</fwdEngineeringStrategyName>
<growthPercent>0</growthPercent>
<growthType>Year</growthType>
<maxVolumes>9999999</maxVolumes>
<minVolumes>0</minVolumes>
<normalForm>Third</normalForm>
<attributes itemClass="oracle.dbtools.crest.model.design.logical.Attribute">
<Attribute name="titulo" id="90ADC048-5D50-D8D5-6D7B-C65E1CA35996">
<createdBy>lilia</createdBy>
<createdTime>2024-01-03 19:01:07 UTC</createdTime>
<ownerDesignName>sqlmps</ownerDesignName>
<engineerTo>
<item key="3ACC1290-1CED-E629-4485-2288E8AAA136" value="true"/>
</engineerTo>
<useDomainConstraints>false</useDomainConstraints>
<use>1</use>
<logicalDatatype>LOGDT024</logicalDatatype>
<dataTypeSize>20</dataTypeSize>
<ownDataTypeParameters>20,,</ownDataTypeParameters>
</Attribute>
<Attribute name="mensagem" id="368FD93D-23C4-9CB1-8F75-3E7AE8B00D49">
<createdBy>lilia</createdBy>
<createdTime>2024-01-03 19:01:47 UTC</createdTime>
<ownerDesignName>sqlmps</ownerDesignName>
<engineerTo>
<item key="3ACC1290-1CED-E629-4485-2288E8AAA136" value="true"/>
</engineerTo>
<nullsAllowed>true</nullsAllowed>
<useDomainConstraints>false</useDomainConstraints>
<use>1</use>
<logicalDatatype>LOGDT024</logicalDatatype>
<dataTypeSize>500</dataTypeSize>
<ownDataTypeParameters>500,,</ownDataTypeParameters>
</Attribute>
<Attribute name="data" id="A82BBC40-C2D6-C111-67E6-FC6446EF9813">
<createdBy>lilia</createdBy>
<createdTime>2024-01-03 19:03:24 UTC</createdTime>
<ownerDesignName>sqlmps</ownerDesignName>
<engineerTo>
<item key="3ACC1290-1CED-E629-4485-2288E8AAA136" value="true"/>
</engineerTo>
<nullsAllowed>true</nullsAllowed>
<useDomainConstraints>false</useDomainConstraints>
<use>1</use>
<logicalDatatype>LOGDT007</logicalDatatype>
<ownDataTypeParameters>,,</ownDataTypeParameters>
</Attribute>
<Attribute name="id_usuario" id="19CE4E45-724E-E49B-D23E-7646F525FFF8">
<createdBy>lilia</createdBy>
<createdTime>2024-01-08 21:01:07 UTC</createdTime>
<generatorID>17C2F078-5105-0DC9-76FE-01BA318875EC</generatorID>
<ownerDesignName>sqlmps</ownerDesignName>
<engineerTo>
<item key="3ACC1290-1CED-E629-4485-2288E8AAA136" value="true"/>
</engineerTo>
<referedAttribute>DB1741F3-65F7-868F-F00C-17BF3B91F93B</referedAttribute>
<useDomainConstraints>false</useDomainConstraints>
<use>1</use>
<logicalDatatype>LOGDT011</logicalDatatype>
<ownDataTypeParameters>,,</ownDataTypeParameters>
</Attribute>
<Attribute name="id_grupo" id="A378D159-9008-7480-5597-D4EF21132F84">
<createdBy>lilia</createdBy>
<createdTime>2024-01-08 21:02:20 UTC</createdTime>
<generatorID>6798EBFB-DCE9-CF8C-2208-888CE68A283E</generatorID>
<ownerDesignName>sqlmps</ownerDesignName>
<engineerTo>
<item key="3ACC1290-1CED-E629-4485-2288E8AAA136" value="true"/>
</engineerTo>
<referedAttribute>06342BC8-8684-59AE-C0F0-544B93CFEC08</referedAttribute>
<use>1</use>
<logicalDatatype>LOGDT011</logicalDatatype>
<ownDataTypeParameters>,,</ownDataTypeParameters>
</Attribute>
</attributes>
<identifiers itemClass="oracle.dbtools.crest.model.design.logical.CandidateKey">
<identifier id="8BF65D8D-526F-F19C-8AD2-C59A32E20F16" name="Anotaçao PK">
<createdBy>lilia</createdBy>
<createdTime>2024-01-03 19:01:40 UTC</createdTime>
<ownerDesignName>sqlmps</ownerDesignName>
<shouldEngineer>false</shouldEngineer>
<engineerTo>
<item key="3ACC1290-1CED-E629-4485-2288E8AAA136" value="false"/>
</engineerTo>
<pk>true</pk>
<usedAttributes>
<attributeRef>90ADC048-5D50-D8D5-6D7B-C65E1CA35996</attributeRef>
</usedAttributes>
</identifier>
</identifiers>
</Entity>