<?xml version = '1.0' encoding = 'UTF-8'?>
<Entity class="oracle.dbtools.crest.model.design.logical.Entity" directorySegmentName="seg_0" id="DDB56F9D-8E3D-D220-FE32-8E240B156487" name="UsuarioJ">
<createdBy>lilia</createdBy>
<createdTime>2024-01-03 17:33:37 UTC</createdTime>
<ownerDesignName>sqlmps</ownerDesignName>
<engineerTo>
<item key="3ACC1290-1CED-E629-4485-2288E8AAA136" value="true"/>
</engineerTo>
<adequatelyNormalized>NO</adequatelyNormalized>
<expectedVolumes>0</expectedVolumes>
<fwdEngineeringStrategyName>Single Table</fwdEngineeringStrategyName>
<growthPercent>0</growthPercent>
<growthType>Year</growthType>
<maxVolumes>9999999</maxVolumes>
<minVolumes>0</minVolumes>
<normalForm>Third</normalForm>
<attributes itemClass="oracle.dbtools.crest.model.design.logical.Attribute">
<Attribute name="nome" id="4F09CFD5-02E0-2483-4BD9-2DFE210D0691">
<createdBy>lilia</createdBy>
<createdTime>2024-01-03 17:33:52 UTC</createdTime>
<ownerDesignName>sqlmps</ownerDesignName>
<engineerTo>
<item key="3ACC1290-1CED-E629-4485-2288E8AAA136" value="true"/>
</engineerTo>
<useDomainConstraints>false</useDomainConstraints>
<use>1</use>
<logicalDatatype>LOGDT024</logicalDatatype>
<dataTypeSize>20</dataTypeSize>
<ownDataTypeParameters>20,,</ownDataTypeParameters>
</Attribute>
<Attribute name="email" id="400A42EA-520E-10E3-76B3-B5BF8220B80B">
<createdBy>lilia</createdBy>
<createdTime>2024-01-03 17:35:03 UTC</createdTime>
<ownerDesignName>sqlmps</ownerDesignName>
<engineerTo>
<item key="3ACC1290-1CED-E629-4485-2288E8AAA136" value="true"/>
</engineerTo>
<useDomainConstraints>false</useDomainConstraints>
<use>1</use>
<logicalDatatype>LOGDT024</logicalDatatype>
<dataTypeSize>25</dataTypeSize>
<ownDataTypeParameters>25,,</ownDataTypeParameters>
</Attribute>
<Attribute name="login" id="D3D1365E-68C4-3287-C60C-8651C7D94CD3">
<createdBy>lilia</createdBy>
<createdTime>2024-01-03 17:35:38 UTC</createdTime>
<ownerDesignName>sqlmps</ownerDesignName>
<engineerTo>
<item key="3ACC1290-1CED-E629-4485-2288E8AAA136" value="true"/>
</engineerTo>
<useDomainConstraints>false</useDomainConstraints>
<use>1</use>
<logicalDatatype>LOGDT024</logicalDatatype>
<dataTypeSize>15</dataTypeSize>
<ownDataTypeParameters>15,,</ownDataTypeParameters>
</Attribute>
<Attribute name="senha" id="E0EB8903-DC54-9A66-C421-BAEAF20CC179">
<createdBy>lilia</createdBy>
<createdTime>2024-01-03 17:36:11 UTC</createdTime>
<ownerDesignName>sqlmps</ownerDesignName>
<engineerTo>
<item key="3ACC1290-1CED-E629-4485-2288E8AAA136" value="true"/>
</engineerTo>
<useDomainConstraints>false</useDomainConstraints>
<use>1</use>
<logicalDatatype>LOGDT024</logicalDatatype>
<dataTypeSize>10</dataTypeSize>
<ownDataTypeParameters>10,,</ownDataTypeParameters>
</Attribute>
<Attribute name="cpf_cnpj" id="933599C4-0781-9A09-0BFB-045F98809285">
<createdBy>lilia</createdBy>
<createdTime>2024-01-03 17:36:38 UTC</createdTime>
<ownerDesignName>sqlmps</ownerDesignName>
<engineerTo>
<item key="3ACC1290-1CED-E629-4485-2288E8AAA136" value="true"/>
</engineerTo>
<useDomainConstraints>false</useDomainConstraints>
<use>1</use>
<logicalDatatype>LOGDT024</logicalDatatype>
<dataTypeSize>14</dataTypeSize>
<ownDataTypeParameters>14,,</ownDataTypeParameters>
</Attribute>
<Attribute name="id_usuario" id="DB1741F3-65F7-868F-F00C-17BF3B91F93B">
<createdBy>lilia</createdBy>
<createdTime>2024-01-08 21:00:45 UTC</createdTime>
<ownerDesignName>sqlmps</ownerDesignName>
<engineerTo>
<item key="3ACC1290-1CED-E629-4485-2288E8AAA136" value="true"/>
</engineerTo>
<useDomainConstraints>false</useDomainConstraints>
<use>1</use>
<logicalDatatype>LOGDT011</logicalDatatype>
<ownDataTypeParameters>,,</ownDataTypeParameters>
</Attribute>
</attributes>
<identifiers itemClass="oracle.dbtools.crest.model.design.logical.CandidateKey">
<identifier id="1330BEE1-7F9D-0DCB-78C5-C7DE1FECF788" name="Key_1">
<createdBy>lilia</createdBy>
<createdTime>2024-01-03 17:37:42 UTC</createdTime>
<ownerDesignName>sqlmps</ownerDesignName>
<shouldEngineer>false</shouldEngineer>
<engineerTo>
<item key="3ACC1290-1CED-E629-4485-2288E8AAA136" value="false"/>
</engineerTo>
<pk>true</pk>
<newElementsIDs>DB1741F3-65F7-868F-F00C-17BF3B91F93B</newElementsIDs>
<usedAttributes>
<attributeRef>DB1741F3-65F7-868F-F00C-17BF3B91F93B</attributeRef>
</usedAttributes>
</identifier>
</identifiers>
</Entity>