<?xml version = '1.0' encoding = 'UTF-8'?>
<Entity class="oracle.dbtools.crest.model.design.logical.Entity" directorySegmentName="seg_0" id="EDF78009-A26D-DD43-D486-10865D34EA89" name="Convite">
<createdBy>lilia</createdBy>
<createdTime>2024-01-03 19:13:14 UTC</createdTime>
<ownerDesignName>sqlmps</ownerDesignName>
<engineerTo>
<item key="3ACC1290-1CED-E629-4485-2288E8AAA136" value="true"/>
</engineerTo>
<adequatelyNormalized>NO</adequatelyNormalized>
<expectedVolumes>0</expectedVolumes>
<fwdEngineeringStrategyName>Single Table</fwdEngineeringStrategyName>
<growthPercent>0</growthPercent>
<growthType>Year</growthType>
<maxVolumes>9999999</maxVolumes>
<minVolumes>0</minVolumes>
<normalForm>Third</normalForm>
<attributes itemClass="oracle.dbtools.crest.model.design.logical.Attribute">
<Attribute name="remetente" id="5C2C3E13-E9ED-B6BF-217A-2A8338035E83">
<createdBy>lilia</createdBy>
<createdTime>2024-01-03 19:15:16 UTC</createdTime>
<ownerDesignName>sqlmps</ownerDesignName>
<engineerTo>
<item key="3ACC1290-1CED-E629-4485-2288E8AAA136" value="true"/>
</engineerTo>
<nullsAllowed>true</nullsAllowed>
<useDomainConstraints>false</useDomainConstraints>
<use>1</use>
<logicalDatatype>LOGDT024</logicalDatatype>
<dataTypeSize>15</dataTypeSize>
<ownDataTypeParameters>15,,</ownDataTypeParameters>
</Attribute>
<Attribute name="datahora" id="1C3D5151-B084-AC44-F91E-FFA1030D7A0B">
<createdBy>lilia</createdBy>
<createdTime>2024-01-03 19:16:56 UTC</createdTime>
<ownerDesignName>sqlmps</ownerDesignName>
<engineerTo>
<item key="3ACC1290-1CED-E629-4485-2288E8AAA136" value="true"/>
</engineerTo>
<nullsAllowed>true</nullsAllowed>
<useDomainConstraints>false</useDomainConstraints>
<use>1</use>
<logicalDatatype>LOGDT008</logicalDatatype>
<ownDataTypeParameters>,,</ownDataTypeParameters>
</Attribute>
<Attribute name="link" id="13D79272-08D2-F855-4C91-E9D331E270D7">
<createdBy>lilia</createdBy>
<createdTime>2024-01-03 19:43:49 UTC</createdTime>
<generatorID>E4574FC2-403F-3868-121D-DB3647BB493B</generatorID>
<ownerDesignName>sqlmps</ownerDesignName>
<engineerTo>
<item key="3ACC1290-1CED-E629-4485-2288E8AAA136" value="true"/>
</engineerTo>
<referedAttribute>138901B0-1538-CBCE-E1EC-2E6CCC80F996</referedAttribute>
<useDomainConstraints>false</useDomainConstraints>
<use>1</use>
<logicalDatatype>LOGDT024</logicalDatatype>
<dataTypeSize>80</dataTypeSize>
<ownDataTypeParameters>80,,</ownDataTypeParameters>
</Attribute>
<Attribute name="destinatario" id="7BF4E0B1-246D-51F6-D969-1C9F3B1A92CA">
<createdBy>lilia</createdBy>
<createdTime>2024-01-08 20:36:58 UTC</createdTime>
<ownerDesignName>sqlmps</ownerDesignName>
<engineerTo>
<item key="3ACC1290-1CED-E629-4485-2288E8AAA136" value="true"/>
</engineerTo>
<nullsAllowed>true</nullsAllowed>
<useDomainConstraints>false</useDomainConstraints>
<use>1</use>
<logicalDatatype>LOGDT024</logicalDatatype>
<dataTypeSize>100</dataTypeSize>
<ownDataTypeParameters>100,,</ownDataTypeParameters>
</Attribute>
<Attribute name="id_usuario" id="81CEBDEE-26CB-BD5D-1EB7-7C4857D0FB99">
<createdBy>lilia</createdBy>
<createdTime>2024-01-08 21:01:07 UTC</createdTime>
<generatorID>E0186D4A-1A45-89E5-82A2-54C393291549</generatorID>
<ownerDesignName>sqlmps</ownerDesignName>
<engineerTo>
<item key="3ACC1290-1CED-E629-4485-2288E8AAA136" value="true"/>
</engineerTo>
<referedAttribute>DB1741F3-65F7-868F-F00C-17BF3B91F93B</referedAttribute>
<useDomainConstraints>false</useDomainConstraints>
<use>1</use>
<logicalDatatype>LOGDT011</logicalDatatype>
<ownDataTypeParameters>,,</ownDataTypeParameters>
</Attribute>
<Attribute name="id_grupo" id="364540C6-5844-4389-1EB3-1320C6A562DC">
<createdBy>lilia</createdBy>
<createdTime>2024-01-08 21:02:20 UTC</createdTime>
<generatorID>BBF47490-61A6-9A6D-6593-EC84505A3228</generatorID>
<ownerDesignName>sqlmps</ownerDesignName>
<engineerTo>
<item key="3ACC1290-1CED-E629-4485-2288E8AAA136" value="true"/>
</engineerTo>
<referedAttribute>06342BC8-8684-59AE-C0F0-544B93CFEC08</referedAttribute>
<use>1</use>
<logicalDatatype>LOGDT011</logicalDatatype>
<ownDataTypeParameters>,,</ownDataTypeParameters>
</Attribute>
</attributes>
<identifiers itemClass="oracle.dbtools.crest.model.design.logical.CandidateKey">
<identifier id="47D3DFD6-17AE-D13A-712E-2CCCF97AAA3B" name="Convite PK">
<createdBy>lilia</createdBy>
<createdTime>2024-01-03 19:40:31 UTC</createdTime>
<ownerDesignName>sqlmps</ownerDesignName>
<engineerTo>
<item key="3ACC1290-1CED-E629-4485-2288E8AAA136" value="true"/>
</engineerTo>
<pk>true</pk>
</identifier>
</identifiers>
</Entity>