<?xml version = '1.0' encoding = 'UTF-8'?>
<FKIndexAssociation class="oracle.dbtools.crest.model.design.relational.FKIndexAssociation" directorySegmentName="seg_0" id="0AD22C24-E73A-2B6B-1A35-294B2572A10E" containerWithKeyObject="13B9DF47-BC12-5BB7-BE94-9A215D5F7A99" localFKIndex="877EF168-581A-3276-5C75-FEE8AAFFDE39" name="Convite_Videoconferencia_FK">
<createdBy>lilia</createdBy>
<createdTime>2024-01-03 20:03:14 UTC</createdTime>
<generatorID>E4574FC2-403F-3868-121D-DB3647BB493B</generatorID>
<ownerDesignName>sqlmps</ownerDesignName>
<referredTableLongName>Videoconferencia</referredTableLongName>
<deleteRule>NO ACTION</deleteRule>
<referredTableID>BFF3577B-1CF0-B62D-C2BC-49EA7F9B7611</referredTableID>
<keyObject>4EC2933C-A831-2D43-885A-82D2698BBE5D</keyObject>
<referredKeyID>4EC2933C-A831-2D43-885A-82D2698BBE5D</referredKeyID>
<mandatory>true</mandatory>
<refColNames>link</refColNames>
<transferable>true</transferable>
<rely>false</rely>
<columnDependencyConstraintGenerateInDDL>true</columnDependencyConstraintGenerateInDDL>
</FKIndexAssociation>