<?xml version = '1.0' encoding = 'UTF-8'?>
<FKIndexAssociation class="oracle.dbtools.crest.model.design.relational.FKIndexAssociation" directorySegmentName="seg_0" id="154C057B-66FA-34C3-BA9C-FD5EAA2DE5F0" containerWithKeyObject="F25FD440-9577-F039-107B-1959E4516D2E" localFKIndex="3C4BCBA2-176A-F3CF-38EA-51387A437EA5" name="Relation_20_Convite_FK">
<createdBy>lilia</createdBy>
<createdTime>2024-01-03 20:03:14 UTC</createdTime>
<generatorID>A5D461CE-B2B3-5E5F-C795-12B76147D459</generatorID>
<ownerDesignName>sqlmps</ownerDesignName>
<referredTableLongName>Convite</referredTableLongName>
<deleteRule>NO ACTION</deleteRule>
<referredTableID>13B9DF47-BC12-5BB7-BE94-9A215D5F7A99</referredTableID>
<keyObject>ABBE2F97-FF58-454F-40E4-AB7DD2583C53</keyObject>
<referredKeyID>ABBE2F97-FF58-454F-40E4-AB7DD2583C53</referredKeyID>
<mandatory>true</mandatory>
<transferable>true</transferable>
<rely>false</rely>
<columnDependencyConstraintGenerateInDDL>true</columnDependencyConstraintGenerateInDDL>
</FKIndexAssociation>