<?xml version = '1.0' encoding = 'UTF-8'?>
<FKIndexAssociation class="oracle.dbtools.crest.model.design.relational.FKIndexAssociation" directorySegmentName="seg_0" id="21069800-9043-366D-D32E-14177BF9F7CF" containerWithKeyObject="69A9172D-DAFB-C3A2-A325-20A8149A88B7" localFKIndex="035B5229-D93B-9DAD-8E8A-41CF115B962E" name="Relation_32_Grupo_FK">
<createdBy>lilia</createdBy>
<createdTime>2024-01-08 20:47:41 UTC</createdTime>
<generatorID>E8065BF3-8416-DA86-6B64-799FAFE21B1F</generatorID>
<ownerDesignName>sqlmps</ownerDesignName>
<referredTableLongName>Grupo</referredTableLongName>
<deleteRule>NO ACTION</deleteRule>
<referredTableID>A5BFCB8B-069A-446F-D32B-0A879453D3B6</referredTableID>
<keyObject>58F24225-8EA8-4D7C-1F29-3A90BC28B965</keyObject>
<referredKeyID>58F24225-8EA8-4D7C-1F29-3A90BC28B965</referredKeyID>
<mandatory>true</mandatory>
<refColNames>id_grupo</refColNames>
<transferable>true</transferable>
<rely>false</rely>
<columnDependencyConstraintGenerateInDDL>true</columnDependencyConstraintGenerateInDDL>
</FKIndexAssociation>