<?xml version = '1.0' encoding = 'UTF-8'?>
<FKIndexAssociation class="oracle.dbtools.crest.model.design.relational.FKIndexAssociation" directorySegmentName="seg_0" id="3A83256E-5F85-46B9-C7AE-E8E074437AE9" containerWithKeyObject="2EA690EB-3A08-7848-4283-B0CDF69EC427" localFKIndex="331F6F62-75D1-0E18-41BC-2D46ED248E14" name="Reunião_Atividade_FK">
<createdBy>lilia</createdBy>
<createdTime>2024-01-03 20:03:14 UTC</createdTime>
<generatorID>F903FD4A-DFE9-6625-BFEE-87FA1DBBCA09</generatorID>
<ownerDesignName>sqlmps</ownerDesignName>
<referredTableLongName>Atividade</referredTableLongName>
<deleteRule>NO ACTION</deleteRule>
<referredTableID>B27F812D-7FE3-B077-E387-E7B96AC2FCB3</referredTableID>
<keyObject>8FB70371-8677-BC0A-2344-4152E7B4EEA1</keyObject>
<referredKeyID>8FB70371-8677-BC0A-2344-4152E7B4EEA1</referredKeyID>
<mandatory>true</mandatory>
<refColNames>nome</refColNames>
<transferable>true</transferable>
<rely>false</rely>
<columnDependencyConstraintGenerateInDDL>true</columnDependencyConstraintGenerateInDDL>
</FKIndexAssociation>