<?xml version = '1.0' encoding = 'UTF-8'?>
<FKIndexAssociation class="oracle.dbtools.crest.model.design.relational.FKIndexAssociation" directorySegmentName="seg_0" id="487815B7-D7A6-D98A-02E8-17F9284048AE" containerWithKeyObject="E9E74C88-1E27-33D5-03E7-6E00CF309246" localFKIndex="313B744C-8517-6490-1FE5-969AB571280C" name="Evento_Atividade_FK">
<createdBy>lilia</createdBy>
<createdTime>2024-01-03 20:03:14 UTC</createdTime>
<generatorID>31BDF69A-8E76-E218-5268-F915C73C5A3B</generatorID>
<ownerDesignName>sqlmps</ownerDesignName>
<referredTableLongName>Atividade</referredTableLongName>
<deleteRule>NO ACTION</deleteRule>
<referredTableID>B27F812D-7FE3-B077-E387-E7B96AC2FCB3</referredTableID>
<keyObject>8FB70371-8677-BC0A-2344-4152E7B4EEA1</keyObject>
<referredKeyID>8FB70371-8677-BC0A-2344-4152E7B4EEA1</referredKeyID>
<mandatory>true</mandatory>
<refColNames>nome</refColNames>
<transferable>true</transferable>
<rely>false</rely>
<columnDependencyConstraintGenerateInDDL>true</columnDependencyConstraintGenerateInDDL>
</FKIndexAssociation>