<?xml version = '1.0' encoding = 'UTF-8'?>
<FKIndexAssociation class="oracle.dbtools.crest.model.design.relational.FKIndexAssociation" directorySegmentName="seg_0" id="575252E8-949A-8A3F-10C3-8408DD24346B" containerWithKeyObject="FC197333-B40A-E29A-0FEF-C1A020F8AC5E" localFKIndex="F733DC93-A687-7927-CE6E-F8818E2B4F46" name="Relation_19_Grupo_FK">
<createdBy>lilia</createdBy>
<createdTime>2024-01-03 20:03:14 UTC</createdTime>
<generatorID>4293E8A2-6826-8507-E36A-38B48800E363</generatorID>
<ownerDesignName>sqlmps</ownerDesignName>
<referredTableLongName>Grupo</referredTableLongName>
<deleteRule>NO ACTION</deleteRule>
<referredTableID>A5BFCB8B-069A-446F-D32B-0A879453D3B6</referredTableID>
<keyObject>58F24225-8EA8-4D7C-1F29-3A90BC28B965</keyObject>
<referredKeyID>58F24225-8EA8-4D7C-1F29-3A90BC28B965</referredKeyID>
<mandatory>true</mandatory>
<transferable>true</transferable>
<rely>false</rely>
<columnDependencyConstraintGenerateInDDL>true</columnDependencyConstraintGenerateInDDL>
</FKIndexAssociation>