<?xml version = '1.0' encoding = 'UTF-8'?>
<FKIndexAssociation class="oracle.dbtools.crest.model.design.relational.FKIndexAssociation" directorySegmentName="seg_0" id="59418DEB-879D-42E6-DACB-8D719A2DB7F7" containerWithKeyObject="8619AD82-EB04-FDE1-82A8-CA59E1D463C2" localFKIndex="A1733A41-C772-6474-2F03-FCC0B302005E" name="Calendar_Grupo_FK">
<createdBy>lilia</createdBy>
<createdTime>2024-01-08 20:47:41 UTC</createdTime>
<generatorID>C3D81924-9A96-65DF-A703-DAD5D6AE24F7</generatorID>
<ownerDesignName>sqlmps</ownerDesignName>
<referredTableLongName>Grupo</referredTableLongName>
<deleteRule>NO ACTION</deleteRule>
<referredTableID>A5BFCB8B-069A-446F-D32B-0A879453D3B6</referredTableID>
<keyObject>58F24225-8EA8-4D7C-1F29-3A90BC28B965</keyObject>
<referredKeyID>58F24225-8EA8-4D7C-1F29-3A90BC28B965</referredKeyID>
<mandatory>true</mandatory>
<refColNames>id_grupo</refColNames>
<transferable>true</transferable>
<rely>false</rely>
<columnDependencyConstraintGenerateInDDL>true</columnDependencyConstraintGenerateInDDL>
</FKIndexAssociation>