<?xml version = '1.0' encoding = 'UTF-8'?>
<FKIndexAssociation class="oracle.dbtools.crest.model.design.relational.FKIndexAssociation" directorySegmentName="seg_0" id="635C76BC-A822-C9A5-0C09-67841B21DB77" containerWithKeyObject="D76E5A27-ACA1-B5EB-D548-7E5708D5208A" localFKIndex="84964331-1DA4-2954-F757-3E12A6BB6E2D" name="Lista_Atividade_FK">
<createdBy>lilia</createdBy>
<createdTime>2024-01-03 20:03:14 UTC</createdTime>
<generatorID>6D46C634-2BCF-276B-0F92-B82EBB23B394</generatorID>
<ownerDesignName>sqlmps</ownerDesignName>
<referredTableLongName>Atividade</referredTableLongName>
<deleteRule>NO ACTION</deleteRule>
<referredTableID>B27F812D-7FE3-B077-E387-E7B96AC2FCB3</referredTableID>
<keyObject>8FB70371-8677-BC0A-2344-4152E7B4EEA1</keyObject>
<referredKeyID>8FB70371-8677-BC0A-2344-4152E7B4EEA1</referredKeyID>
<mandatory>true</mandatory>
<refColNames>nome</refColNames>
<transferable>true</transferable>
<rely>false</rely>
<columnDependencyConstraintGenerateInDDL>true</columnDependencyConstraintGenerateInDDL>
</FKIndexAssociation>