<?xml version = '1.0' encoding = 'UTF-8'?>
<FKIndexAssociation class="oracle.dbtools.crest.model.design.relational.FKIndexAssociation" directorySegmentName="seg_0" id="6C528191-8778-6337-AAE3-E53CECD50A80" containerWithKeyObject="FC197333-B40A-E29A-0FEF-C1A020F8AC5E" localFKIndex="76837028-F6E1-DBC7-4E4E-60E405E6C348" name="Relation_19_Atividade_FK">
<createdBy>lilia</createdBy>
<createdTime>2024-01-03 20:03:14 UTC</createdTime>
<generatorID>4293E8A2-6826-8507-E36A-38B48800E363</generatorID>
<ownerDesignName>sqlmps</ownerDesignName>
<referredTableLongName>Atividade</referredTableLongName>
<deleteRule>NO ACTION</deleteRule>
<referredTableID>B27F812D-7FE3-B077-E387-E7B96AC2FCB3</referredTableID>
<keyObject>8FB70371-8677-BC0A-2344-4152E7B4EEA1</keyObject>
<referredKeyID>8FB70371-8677-BC0A-2344-4152E7B4EEA1</referredKeyID>
<mandatory>true</mandatory>
<refColNames>nome</refColNames>
<transferable>true</transferable>
<rely>false</rely>
<columnDependencyConstraintGenerateInDDL>true</columnDependencyConstraintGenerateInDDL>
</FKIndexAssociation>