<?xml version = '1.0' encoding = 'UTF-8'?>
<FKIndexAssociation class="oracle.dbtools.crest.model.design.relational.FKIndexAssociation" directorySegmentName="seg_0" id="82176ADE-755F-BF05-4C95-7243FFAA8D1C" containerWithKeyObject="13B9DF47-BC12-5BB7-BE94-9A215D5F7A99" localFKIndex="5AE773DE-0B9D-53B1-9D85-2447804E682C" name="Convite_Grupo_FK">
<createdBy>lilia</createdBy>
<createdTime>2024-01-08 20:47:41 UTC</createdTime>
<generatorID>BBF47490-61A6-9A6D-6593-EC84505A3228</generatorID>
<ownerDesignName>sqlmps</ownerDesignName>
<referredTableLongName>Grupo</referredTableLongName>
<deleteRule>NO ACTION</deleteRule>
<referredTableID>A5BFCB8B-069A-446F-D32B-0A879453D3B6</referredTableID>
<keyObject>58F24225-8EA8-4D7C-1F29-3A90BC28B965</keyObject>
<referredKeyID>58F24225-8EA8-4D7C-1F29-3A90BC28B965</referredKeyID>
<mandatory>true</mandatory>
<refColNames>id_grupo</refColNames>
<transferable>true</transferable>
<rely>false</rely>
<columnDependencyConstraintGenerateInDDL>true</columnDependencyConstraintGenerateInDDL>
</FKIndexAssociation>