<?xml version = '1.0' encoding = 'UTF-8'?>
<FKIndexAssociation class="oracle.dbtools.crest.model.design.relational.FKIndexAssociation" directorySegmentName="seg_0" id="8FA0F144-C7C8-F29B-D818-B7CFE64AC195" containerWithKeyObject="8619AD82-EB04-FDE1-82A8-CA59E1D463C2" localFKIndex="585DE66E-0604-3DF7-332D-7A3C8A76EEEE" name="Calendar_UsuarioJ_FK">
<createdBy>lilia</createdBy>
<createdTime>2024-01-03 20:03:14 UTC</createdTime>
<generatorID>66EE258F-CA42-0265-23D2-7ACCB8E3FCDA</generatorID>
<ownerDesignName>sqlmps</ownerDesignName>
<referredTableLongName>UsuarioJ</referredTableLongName>
<deleteRule>NO ACTION</deleteRule>
<referredTableID>4F2BEF7C-B94B-46F8-1569-9789CD7B68F7</referredTableID>
<keyObject>D291ED72-2281-E76E-EF9A-EC87000E4964</keyObject>
<referredKeyID>D291ED72-2281-E76E-EF9A-EC87000E4964</referredKeyID>
<mandatory>true</mandatory>
<refColNames>login</refColNames>
<transferable>true</transferable>
<rely>false</rely>
<columnDependencyConstraintGenerateInDDL>true</columnDependencyConstraintGenerateInDDL>
</FKIndexAssociation>