<?xml version = '1.0' encoding = 'UTF-8'?>
<FKIndexAssociation class="oracle.dbtools.crest.model.design.relational.FKIndexAssociation" directorySegmentName="seg_0" id="90641DB4-6E9C-1399-8111-159062457C79" containerWithKeyObject="3A44EF54-7860-006F-93D9-087ADC4F2E64" localFKIndex="A83EC5FD-10BF-B9E0-D620-38815BCE923A" name="ListaDeContatos_UsuarioJ_FK">
<createdBy>lilia</createdBy>
<createdTime>2024-01-03 20:03:14 UTC</createdTime>
<generatorID>CE36CAFE-CF02-6FCE-66C8-CD7E07B0E878</generatorID>
<ownerDesignName>sqlmps</ownerDesignName>
<referredTableLongName>UsuarioJ</referredTableLongName>
<deleteRule>NO ACTION</deleteRule>
<referredTableID>4F2BEF7C-B94B-46F8-1569-9789CD7B68F7</referredTableID>
<keyObject>D291ED72-2281-E76E-EF9A-EC87000E4964</keyObject>
<referredKeyID>D291ED72-2281-E76E-EF9A-EC87000E4964</referredKeyID>
<mandatory>true</mandatory>
<refColNames>login</refColNames>
<transferable>true</transferable>
<rely>false</rely>
<columnDependencyConstraintGenerateInDDL>true</columnDependencyConstraintGenerateInDDL>
</FKIndexAssociation>