<?xml version = '1.0' encoding = 'UTF-8'?>
<FKIndexAssociation class="oracle.dbtools.crest.model.design.relational.FKIndexAssociation" directorySegmentName="seg_0" id="9CC26001-53DB-D0F9-9F14-73161056B435" containerWithKeyObject="D3180A3C-6886-8BE4-7A2F-13AC2E981D49" localFKIndex="83F0CE36-262C-5AAB-5EF4-17591BC82149" name="Alarme_Atividade_FK">
<createdBy>lilia</createdBy>
<createdTime>2024-01-03 20:03:14 UTC</createdTime>
<generatorID>C18AA026-A06A-DBBD-FAC3-B77AA5FA24EA</generatorID>
<ownerDesignName>sqlmps</ownerDesignName>
<referredTableLongName>Atividade</referredTableLongName>
<deleteRule>NO ACTION</deleteRule>
<referredTableID>B27F812D-7FE3-B077-E387-E7B96AC2FCB3</referredTableID>
<keyObject>8FB70371-8677-BC0A-2344-4152E7B4EEA1</keyObject>
<referredKeyID>8FB70371-8677-BC0A-2344-4152E7B4EEA1</referredKeyID>
<mandatory>true</mandatory>
<refColNames>nome</refColNames>
<transferable>true</transferable>
<rely>false</rely>
<columnDependencyConstraintGenerateInDDL>true</columnDependencyConstraintGenerateInDDL>
</FKIndexAssociation>