<?xml version = '1.0' encoding = 'UTF-8'?>
<FKIndexAssociation class="oracle.dbtools.crest.model.design.relational.FKIndexAssociation" directorySegmentName="seg_0" id="9CDB1D4A-6052-414E-F826-74CE94B6C554" containerWithKeyObject="13B9DF47-BC12-5BB7-BE94-9A215D5F7A99" localFKIndex="5E3CAC96-B2E8-7895-1441-0D9A7589C889" name="Convite_UsuarioJ_FK">
<createdBy>lilia</createdBy>
<createdTime>2024-01-03 20:03:14 UTC</createdTime>
<generatorID>E0186D4A-1A45-89E5-82A2-54C393291549</generatorID>
<ownerDesignName>sqlmps</ownerDesignName>
<referredTableLongName>UsuarioJ</referredTableLongName>
<deleteRule>NO ACTION</deleteRule>
<referredTableID>4F2BEF7C-B94B-46F8-1569-9789CD7B68F7</referredTableID>
<keyObject>D291ED72-2281-E76E-EF9A-EC87000E4964</keyObject>
<referredKeyID>D291ED72-2281-E76E-EF9A-EC87000E4964</referredKeyID>
<mandatory>true</mandatory>
<refColNames>login</refColNames>
<transferable>true</transferable>
<rely>false</rely>
<columnDependencyConstraintGenerateInDDL>true</columnDependencyConstraintGenerateInDDL>
</FKIndexAssociation>