<?xml version = '1.0' encoding = 'UTF-8'?>
<FKIndexAssociation class="oracle.dbtools.crest.model.design.relational.FKIndexAssociation" directorySegmentName="seg_0" id="B0233DCC-9413-7710-8E7E-FA6C41DD195E" containerWithKeyObject="B4EF5851-456E-B4B8-37F1-9C48ED2BE474" localFKIndex="FDC920DA-7DDE-4A2F-C49A-9A3A69D3066A" name="historico_Grupo_FK">
<createdBy>lilia</createdBy>
<createdTime>2024-01-08 20:47:41 UTC</createdTime>
<generatorID>B3603061-A00F-9FA2-7129-E2714DAC1292</generatorID>
<ownerDesignName>sqlmps</ownerDesignName>
<referredTableLongName>Grupo</referredTableLongName>
<deleteRule>NO ACTION</deleteRule>
<referredTableID>A5BFCB8B-069A-446F-D32B-0A879453D3B6</referredTableID>
<keyObject>58F24225-8EA8-4D7C-1F29-3A90BC28B965</keyObject>
<referredKeyID>58F24225-8EA8-4D7C-1F29-3A90BC28B965</referredKeyID>
<mandatory>true</mandatory>
<refColNames>id_grupo</refColNames>
<transferable>true</transferable>
<rely>false</rely>
<columnDependencyConstraintGenerateInDDL>true</columnDependencyConstraintGenerateInDDL>
</FKIndexAssociation>