<?xml version = '1.0' encoding = 'UTF-8'?>
<FKIndexAssociation class="oracle.dbtools.crest.model.design.relational.FKIndexAssociation" directorySegmentName="seg_0" id="C2302FEE-3B75-537A-589F-265D9DB59308" containerWithKeyObject="B27F812D-7FE3-B077-E387-E7B96AC2FCB3" localFKIndex="E8CFF1A8-7A92-54B5-CFCA-C56F4D1076E2" name="Atividade_historico_FK">
<createdBy>lilia</createdBy>
<createdTime>2024-01-08 20:47:41 UTC</createdTime>
<generatorID>BD9B3363-87D6-12EA-9942-118EBD31F312</generatorID>
<ownerDesignName>sqlmps</ownerDesignName>
<referredTableLongName>historico</referredTableLongName>
<deleteRule>NO ACTION</deleteRule>
<referredTableID>B4EF5851-456E-B4B8-37F1-9C48ED2BE474</referredTableID>
<keyObject>78DEE139-F207-D038-D121-C3D59DBD9205</keyObject>
<referredKeyID>78DEE139-F207-D038-D121-C3D59DBD9205</referredKeyID>
<mandatory>true</mandatory>
<refColNames>historico_ID</refColNames>
<transferable>true</transferable>
<rely>false</rely>
<columnDependencyConstraintGenerateInDDL>true</columnDependencyConstraintGenerateInDDL>
</FKIndexAssociation>