<?xml version = '1.0' encoding = 'UTF-8'?>
<FKIndexAssociation class="oracle.dbtools.crest.model.design.relational.FKIndexAssociation" directorySegmentName="seg_0" id="D8442055-F145-728E-A22D-3088440BB0D9" containerWithKeyObject="A5BFCB8B-069A-446F-D32B-0A879453D3B6" localFKIndex="BA717B66-D915-A11A-6F0D-CC69E54E7755" name="Grupo_UsuarioJ_FK">
<createdBy>lilia</createdBy>
<createdTime>2024-01-03 20:03:14 UTC</createdTime>
<generatorID>53DB2423-E755-950F-9532-A8DAB254C024</generatorID>
<ownerDesignName>sqlmps</ownerDesignName>
<referredTableLongName>UsuarioJ</referredTableLongName>
<deleteRule>NO ACTION</deleteRule>
<referredTableID>4F2BEF7C-B94B-46F8-1569-9789CD7B68F7</referredTableID>
<keyObject>D291ED72-2281-E76E-EF9A-EC87000E4964</keyObject>
<referredKeyID>D291ED72-2281-E76E-EF9A-EC87000E4964</referredKeyID>
<mandatory>true</mandatory>
<refColNames>login</refColNames>
<transferable>true</transferable>
<rely>false</rely>
<columnDependencyConstraintGenerateInDDL>true</columnDependencyConstraintGenerateInDDL>
</FKIndexAssociation>