<?xml version = '1.0' encoding = 'UTF-8'?>
<FKIndexAssociation class="oracle.dbtools.crest.model.design.relational.FKIndexAssociation" directorySegmentName="seg_0" id="ECD7B9E9-3E4B-D661-06B4-DC9097BF28E1" containerWithKeyObject="B27F812D-7FE3-B077-E387-E7B96AC2FCB3" localFKIndex="61F4FE9A-2817-CA2F-4E53-8033CF3BDDD8" name="Atividade_UsuarioJ_FK">
<createdBy>lilia</createdBy>
<createdTime>2024-01-03 20:03:14 UTC</createdTime>
<generatorID>1619FAD1-EFA0-E789-FB69-D17C05BA4AD9</generatorID>
<ownerDesignName>sqlmps</ownerDesignName>
<referredTableLongName>UsuarioJ</referredTableLongName>
<deleteRule>NO ACTION</deleteRule>
<referredTableID>4F2BEF7C-B94B-46F8-1569-9789CD7B68F7</referredTableID>
<keyObject>D291ED72-2281-E76E-EF9A-EC87000E4964</keyObject>
<referredKeyID>D291ED72-2281-E76E-EF9A-EC87000E4964</referredKeyID>
<mandatory>true</mandatory>
<refColNames>login</refColNames>
<transferable>true</transferable>
<rely>false</rely>
<columnDependencyConstraintGenerateInDDL>true</columnDependencyConstraintGenerateInDDL>
</FKIndexAssociation>