<?xml version = '1.0' encoding = 'UTF-8'?>
<Table class="oracle.dbtools.crest.model.design.relational.Table" directorySegmentName="seg_0" id="13B9DF47-BC12-5BB7-BE94-9A215D5F7A99" name="Convite">
<createdBy>lilia</createdBy>
<createdTime>2024-01-03 20:03:14 UTC</createdTime>
<generatorID>EDF78009-A26D-DD43-D486-10865D34EA89</generatorID>
<ownerDesignName>sqlmps</ownerDesignName>
<allowColumnReorder>false</allowColumnReorder>
<existDependencyGenerateInDDl>true</existDependencyGenerateInDDl>
<parsed>true</parsed>
<columns itemClass="oracle.dbtools.crest.model.design.relational.Column">
<Column name="remetente" id="06D6F2F0-2421-9767-C5D2-2D61B5274161">
<createdBy>lilia</createdBy>
<createdTime>2024-01-03 20:03:14 UTC</createdTime>
<generatorID>5C2C3E13-E9ED-B6BF-217A-2A8338035E83</generatorID>
<ownerDesignName>sqlmps</ownerDesignName>
<nullsAllowed>true</nullsAllowed>
<useDomainConstraints>false</useDomainConstraints>
<use>1</use>
<logicalDatatype>LOGDT024</logicalDatatype>
<dataTypeSize>15</dataTypeSize>
<ownDataTypeParameters>15,,</ownDataTypeParameters>
<autoIncrementCycle>false</autoIncrementCycle>
</Column>
<Column name="datahora" id="BC2278E3-CBDA-9CD5-DE5A-D6A10A9B2B00">
<createdBy>lilia</createdBy>
<createdTime>2024-01-03 20:03:14 UTC</createdTime>
<generatorID>1C3D5151-B084-AC44-F91E-FFA1030D7A0B</generatorID>
<ownerDesignName>sqlmps</ownerDesignName>
<nullsAllowed>true</nullsAllowed>
<useDomainConstraints>false</useDomainConstraints>
<use>1</use>
<logicalDatatype>LOGDT008</logicalDatatype>
<ownDataTypeParameters>,,</ownDataTypeParameters>
<autoIncrementCycle>false</autoIncrementCycle>
</Column>
<Column name="UsuarioJ_login" id="EBC59D84-4286-233B-2EA3-82130DCDBFAD">
<createdBy>lilia</createdBy>
<createdTime>2024-01-03 20:03:14 UTC</createdTime>
<generatorID>4DA8AE2C-488C-3F23-A9B2-52E24961F564</generatorID>
<ownerDesignName>sqlmps</ownerDesignName>
<useDomainConstraints>false</useDomainConstraints>
<use>1</use>
<logicalDatatype>LOGDT024</logicalDatatype>
<dataTypeSize>15</dataTypeSize>
<ownDataTypeParameters>15,,</ownDataTypeParameters>
<previousColumn>false</previousColumn>
<autoIncrementCycle>false</autoIncrementCycle>
<associations>
<colAssociation fkAssociation="9CDB1D4A-6052-414E-F826-74CE94B6C554" referredColumn="6D6B7F72-CB51-F7A8-8C42-C88C9E97451D"/>
</associations>
</Column>
<Column name="Videoconferencia_link" id="FD4744D3-8A3A-B519-F574-8CF36187FBDF">
<createdBy>lilia</createdBy>
<createdTime>2024-01-03 20:03:14 UTC</createdTime>
<generatorID>13D79272-08D2-F855-4C91-E9D331E270D7</generatorID>
<ownerDesignName>sqlmps</ownerDesignName>
<useDomainConstraints>false</useDomainConstraints>
<use>1</use>
<logicalDatatype>LOGDT024</logicalDatatype>
<dataTypeSize>80</dataTypeSize>
<ownDataTypeParameters>80,,</ownDataTypeParameters>
<previousColumn>false</previousColumn>
<autoIncrementCycle>false</autoIncrementCycle>
<associations>
<colAssociation fkAssociation="0AD22C24-E73A-2B6B-1A35-294B2572A10E" referredColumn="278A8E5B-470E-AC3B-5CEE-A729F96EB8C4"/>
</associations>
</Column>
<Column name="Grupo_nome_do_grupo" id="87829017-AAA7-F3A1-18B4-54E10C76296B">
<createdBy>lilia</createdBy>
<createdTime>2024-01-08 20:47:41 UTC</createdTime>
<generatorID>82395C07-266C-C7AB-F58E-9DE6DDA066FF</generatorID>
<ownerDesignName>sqlmps</ownerDesignName>
<useDomainConstraints>false</useDomainConstraints>
<use>1</use>
<logicalDatatype>LOGDT024</logicalDatatype>
<ownDataTypeParameters>,,</ownDataTypeParameters>
<previousColumn>false</previousColumn>
<autoIncrementCycle>false</autoIncrementCycle>
</Column>
<Column name="destinatario" id="DB163049-F324-F93F-5697-A96F187207A2">
<createdBy>lilia</createdBy>
<createdTime>2024-01-08 20:47:41 UTC</createdTime>
<generatorID>7BF4E0B1-246D-51F6-D969-1C9F3B1A92CA</generatorID>
<ownerDesignName>sqlmps</ownerDesignName>
<nullsAllowed>true</nullsAllowed>
<useDomainConstraints>false</useDomainConstraints>
<use>1</use>
<logicalDatatype>LOGDT024</logicalDatatype>
<dataTypeSize>100</dataTypeSize>
<ownDataTypeParameters>100,,</ownDataTypeParameters>
<autoIncrementCycle>false</autoIncrementCycle>
</Column>
<Column name="id_usuario" id="E8FFFCE8-45BB-A62F-662D-D85DBD9A66DF">
<createdBy>lilia</createdBy>
<createdTime>2024-01-08 21:22:30 UTC</createdTime>
<generatorID>81CEBDEE-26CB-BD5D-1EB7-7C4857D0FB99</generatorID>
<ownerDesignName>sqlmps</ownerDesignName>
<useDomainConstraints>false</useDomainConstraints>
<use>1</use>
<logicalDatatype>LOGDT011</logicalDatatype>
<ownDataTypeParameters>,,</ownDataTypeParameters>
<previousColumn>false</previousColumn>
<autoIncrementCycle>false</autoIncrementCycle>
</Column>
<Column name="Grupo_id_grupo" id="64AB2CF0-4304-D6B0-756A-F43DAD85D32B">
<createdBy>lilia</createdBy>
<createdTime>2024-01-08 21:22:30 UTC</createdTime>
<generatorID>364540C6-5844-4389-1EB3-1320C6A562DC</generatorID>
<ownerDesignName>sqlmps</ownerDesignName>
<useDomainConstraints>false</useDomainConstraints>
<use>1</use>
<logicalDatatype>LOGDT011</logicalDatatype>
<ownDataTypeParameters>,,</ownDataTypeParameters>
<previousColumn>false</previousColumn>
<autoIncrementCycle>false</autoIncrementCycle>
<associations>
<colAssociation fkAssociation="82176ADE-755F-BF05-4C95-7243FFAA8D1C" referredColumn="B22B37DF-C846-8E86-1028-5F4923E0C3A0"/>
</associations>
</Column>
</columns>
<indexes itemClass="oracle.dbtools.crest.model.design.relational.Index">
<ind_PK_UK id="ABBE2F97-FF58-454F-40E4-AB7DD2583C53" name="Convite_PK">
<createdBy>lilia</createdBy>
<createdTime>2024-01-03 20:03:14 UTC</createdTime>
<generatorID>47D3DFD6-17AE-D13A-712E-2CCCF97AAA3B</generatorID>
<ownerDesignName>sqlmps</ownerDesignName>
<pk>true</pk>
<indexState>Primary Constraint</indexState>
<isSurrogateKey>false</isSurrogateKey>
</ind_PK_UK>
<ind_PK_UK id="2693F5EB-B461-03A4-CBD2-DA843372550F" name="Convite__IDX">
<createdBy>lilia</createdBy>
<createdTime>2024-01-03 20:03:14 UTC</createdTime>
<ownerDesignName>sqlmps</ownerDesignName>
<indexState>Unique Plain Index</indexState>
<isSurrogateKey>false</isSurrogateKey>
<relationGeneratorID>E4574FC2-403F-3868-121D-DB3647BB493B</relationGeneratorID>
<indexColumnUsage>
<colUsage columnID="FD4744D3-8A3A-B519-F574-8CF36187FBDF"/>
</indexColumnUsage>
</ind_PK_UK>
<ind_PK_UK id="D3864022-8EB6-14E3-7056-545161DC5AF3" name="Convite__IDX">
<createdBy>lilia</createdBy>
<createdTime>2024-01-08 20:47:41 UTC</createdTime>
<ownerDesignName>sqlmps</ownerDesignName>
<indexState>Unique Plain Index</indexState>
<isSurrogateKey>false</isSurrogateKey>
<relationGeneratorID>BBF47490-61A6-9A6D-6593-EC84505A3228</relationGeneratorID>
<indexColumnUsage>
<colUsage columnID="87829017-AAA7-F3A1-18B4-54E10C76296B"/>
</indexColumnUsage>
</ind_PK_UK>
<ind_PK_UK id="5D183B53-65EC-2DB9-224C-D01CD9072068" name="Convite__IDXv1">
<createdBy>lilia</createdBy>
<createdTime>2024-01-08 21:22:30 UTC</createdTime>
<ownerDesignName>sqlmps</ownerDesignName>
<indexState>Unique Plain Index</indexState>
<isSurrogateKey>false</isSurrogateKey>
<relationGeneratorID>BBF47490-61A6-9A6D-6593-EC84505A3228</relationGeneratorID>
<indexColumnUsage>
<colUsage columnID="64AB2CF0-4304-D6B0-756A-F43DAD85D32B"/>
</indexColumnUsage>
</ind_PK_UK>
<ind_PK_UK id="5E3CAC96-B2E8-7895-1441-0D9A7589C889" name="Convite_UsuarioJ_FK">
<createdBy>lilia</createdBy>
<createdTime>2024-01-03 20:03:14 UTC</createdTime>
<generatorID>E0186D4A-1A45-89E5-82A2-54C393291549</generatorID>
<ownerDesignName>sqlmps</ownerDesignName>
<indexState>Foreign Key</indexState>
<isSurrogateKey>false</isSurrogateKey>
<indexColumnUsage>
<colUsage columnID="EBC59D84-4286-233B-2EA3-82130DCDBFAD"/>
</indexColumnUsage>
</ind_PK_UK>
<ind_PK_UK id="877EF168-581A-3276-5C75-FEE8AAFFDE39" name="Convite_Videoconferencia_FK">
<createdBy>lilia</createdBy>
<createdTime>2024-01-03 20:03:14 UTC</createdTime>
<generatorID>E4574FC2-403F-3868-121D-DB3647BB493B</generatorID>
<ownerDesignName>sqlmps</ownerDesignName>
<indexState>Foreign Key</indexState>
<isSurrogateKey>false</isSurrogateKey>
<indexColumnUsage>
<colUsage columnID="FD4744D3-8A3A-B519-F574-8CF36187FBDF"/>
</indexColumnUsage>
</ind_PK_UK>
<ind_PK_UK id="5AE773DE-0B9D-53B1-9D85-2447804E682C" name="Convite_Grupo_FK">
<createdBy>lilia</createdBy>
<createdTime>2024-01-08 20:47:41 UTC</createdTime>
<generatorID>BBF47490-61A6-9A6D-6593-EC84505A3228</generatorID>
<ownerDesignName>sqlmps</ownerDesignName>
<indexState>Foreign Key</indexState>
<isSurrogateKey>false</isSurrogateKey>
<indexColumnUsage>
<colUsage columnID="64AB2CF0-4304-D6B0-756A-F43DAD85D32B"/>
</indexColumnUsage>
</ind_PK_UK>
</indexes>
</Table>