<?xml version = '1.0' encoding = 'UTF-8'?>
<Table class="oracle.dbtools.crest.model.design.relational.Table" directorySegmentName="seg_0" id="2EA690EB-3A08-7848-4283-B0CDF69EC427" name="Reunião">
<createdBy>lilia</createdBy>
<createdTime>2024-01-03 20:03:14 UTC</createdTime>
<generatorID>08AAB67A-56AB-8088-44D6-645E8A4EA730</generatorID>
<ownerDesignName>sqlmps</ownerDesignName>
<allowColumnReorder>false</allowColumnReorder>
<existDependencyGenerateInDDl>true</existDependencyGenerateInDDl>
<parsed>true</parsed>
<columns itemClass="oracle.dbtools.crest.model.design.relational.Column">
<Column name="assunto" id="778808F7-A969-F432-33DD-140E9ED261D1">
<createdBy>lilia</createdBy>
<createdTime>2024-01-03 20:03:14 UTC</createdTime>
<generatorID>0D27633F-7CD5-E744-6D12-1E1C2BA4DE99</generatorID>
<ownerDesignName>sqlmps</ownerDesignName>
<nullsAllowed>true</nullsAllowed>
<useDomainConstraints>false</useDomainConstraints>
<use>1</use>
<logicalDatatype>LOGDT024</logicalDatatype>
<dataTypeSize>100</dataTypeSize>
<ownDataTypeParameters>100,,</ownDataTypeParameters>
<autoIncrementCycle>false</autoIncrementCycle>
</Column>
<Column name="datahora" id="DC451B01-AE4E-BC77-F319-68EDD9576E08">
<createdBy>lilia</createdBy>
<createdTime>2024-01-03 20:03:14 UTC</createdTime>
<generatorID>5AB3DE1F-A47B-4724-2AC2-6E042C1C449F</generatorID>
<ownerDesignName>sqlmps</ownerDesignName>
<nullsAllowed>true</nullsAllowed>
<useDomainConstraints>false</useDomainConstraints>
<use>1</use>
<logicalDatatype>LOGDT008</logicalDatatype>
<ownDataTypeParameters>,,</ownDataTypeParameters>
<autoIncrementCycle>false</autoIncrementCycle>
</Column>
<Column name="Atividade_nome" id="95E9E0AF-F934-22CB-A6C0-0C7CBA0B9758">
<createdBy>lilia</createdBy>
<createdTime>2024-01-03 20:03:14 UTC</createdTime>
<generatorID>A3FC551F-4DD6-1DF6-99F5-C731BB06F59D</generatorID>
<ownerDesignName>sqlmps</ownerDesignName>
<useDomainConstraints>false</useDomainConstraints>
<use>1</use>
<logicalDatatype>LOGDT024</logicalDatatype>
<dataTypeSize>20</dataTypeSize>
<ownDataTypeParameters>20,,</ownDataTypeParameters>
<previousColumn>false</previousColumn>
<autoIncrementCycle>false</autoIncrementCycle>
<associations>
<colAssociation fkAssociation="3A83256E-5F85-46B9-C7AE-E8E074437AE9" referredColumn="C8D7CF70-3AEE-BF0E-E0F4-3445A0113CE3"/>
</associations>
</Column>
<Column name="id_atividade" id="302953FD-C8FA-5E67-D831-F4F394599EFA">
<createdBy>lilia</createdBy>
<createdTime>2024-01-08 21:22:30 UTC</createdTime>
<generatorID>D61136B0-611E-6294-FC5A-53CA1FD095A8</generatorID>
<ownerDesignName>sqlmps</ownerDesignName>
<useDomainConstraints>false</useDomainConstraints>
<use>1</use>
<logicalDatatype>LOGDT011</logicalDatatype>
<ownDataTypeParameters>,,</ownDataTypeParameters>
<previousColumn>false</previousColumn>
<autoIncrementCycle>false</autoIncrementCycle>
</Column>
</columns>
<indexes itemClass="oracle.dbtools.crest.model.design.relational.Index">
<ind_PK_UK id="88D53302-0AB6-1CC8-9FC1-AB553492A732" name="Reunião__IDX">
<createdBy>lilia</createdBy>
<createdTime>2024-01-03 20:03:14 UTC</createdTime>
<ownerDesignName>sqlmps</ownerDesignName>
<indexState>Unique Plain Index</indexState>
<isSurrogateKey>false</isSurrogateKey>
<relationGeneratorID>F903FD4A-DFE9-6625-BFEE-87FA1DBBCA09</relationGeneratorID>
<indexColumnUsage>
<colUsage columnID="95E9E0AF-F934-22CB-A6C0-0C7CBA0B9758"/>
</indexColumnUsage>
</ind_PK_UK>
<ind_PK_UK id="331F6F62-75D1-0E18-41BC-2D46ED248E14" name="Reunião_Atividade_FK">
<createdBy>lilia</createdBy>
<createdTime>2024-01-03 20:03:14 UTC</createdTime>
<generatorID>F903FD4A-DFE9-6625-BFEE-87FA1DBBCA09</generatorID>
<ownerDesignName>sqlmps</ownerDesignName>
<indexState>Foreign Key</indexState>
<isSurrogateKey>false</isSurrogateKey>
<indexColumnUsage>
<colUsage columnID="95E9E0AF-F934-22CB-A6C0-0C7CBA0B9758"/>
</indexColumnUsage>
</ind_PK_UK>
</indexes>
</Table>