<?xml version = '1.0' encoding = 'UTF-8'?>
<Table class="oracle.dbtools.crest.model.design.relational.Table" directorySegmentName="seg_0" id="628CB865-9070-9E8F-E14C-CA79945956C6" name="Anotaçao">
<createdBy>lilia</createdBy>
<createdTime>2024-01-03 20:03:14 UTC</createdTime>
<generatorID>A6187EE3-752E-EF88-5871-01DFC74D382E</generatorID>
<ownerDesignName>sqlmps</ownerDesignName>
<allowColumnReorder>false</allowColumnReorder>
<existDependencyGenerateInDDl>true</existDependencyGenerateInDDl>
<parsed>true</parsed>
<columns itemClass="oracle.dbtools.crest.model.design.relational.Column">
<Column name="titulo" id="4964E781-F22C-7ED9-162D-C3A2A53496BA">
<createdBy>lilia</createdBy>
<createdTime>2024-01-03 20:03:14 UTC</createdTime>
<generatorID>90ADC048-5D50-D8D5-6D7B-C65E1CA35996</generatorID>
<ownerDesignName>sqlmps</ownerDesignName>
<useDomainConstraints>false</useDomainConstraints>
<use>1</use>
<logicalDatatype>LOGDT024</logicalDatatype>
<dataTypeSize>20</dataTypeSize>
<ownDataTypeParameters>20,,</ownDataTypeParameters>
<autoIncrementCycle>false</autoIncrementCycle>
</Column>
<Column name="mensagem" id="62B2CDD7-6F8D-7E5E-4858-6D625BFE9D65">
<createdBy>lilia</createdBy>
<createdTime>2024-01-03 20:03:14 UTC</createdTime>
<generatorID>368FD93D-23C4-9CB1-8F75-3E7AE8B00D49</generatorID>
<ownerDesignName>sqlmps</ownerDesignName>
<nullsAllowed>true</nullsAllowed>
<useDomainConstraints>false</useDomainConstraints>
<use>1</use>
<logicalDatatype>LOGDT024</logicalDatatype>
<dataTypeSize>500</dataTypeSize>
<ownDataTypeParameters>500,,</ownDataTypeParameters>
<autoIncrementCycle>false</autoIncrementCycle>
</Column>
<Column name="data" id="B335854F-3E04-203B-C78E-7CBA3147EC6D">
<createdBy>lilia</createdBy>
<createdTime>2024-01-03 20:03:14 UTC</createdTime>
<generatorID>A82BBC40-C2D6-C111-67E6-FC6446EF9813</generatorID>
<ownerDesignName>sqlmps</ownerDesignName>
<nullsAllowed>true</nullsAllowed>
<useDomainConstraints>false</useDomainConstraints>
<use>1</use>
<logicalDatatype>LOGDT007</logicalDatatype>
<ownDataTypeParameters>,,</ownDataTypeParameters>
<autoIncrementCycle>false</autoIncrementCycle>
</Column>
<Column name="UsuarioJ_login" id="3F59FD7A-1910-980A-463B-3FABF6D1E20F">
<createdBy>lilia</createdBy>
<createdTime>2024-01-03 20:03:14 UTC</createdTime>
<generatorID>B2F4BBD7-AB3A-44C4-BA17-087D63006B03</generatorID>
<ownerDesignName>sqlmps</ownerDesignName>
<useDomainConstraints>false</useDomainConstraints>
<use>1</use>
<logicalDatatype>LOGDT024</logicalDatatype>
<dataTypeSize>15</dataTypeSize>
<ownDataTypeParameters>15,,</ownDataTypeParameters>
<previousColumn>false</previousColumn>
<autoIncrementCycle>false</autoIncrementCycle>
<associations>
<colAssociation fkAssociation="03CA2B29-268A-48EC-9A33-CEFFD892B659" referredColumn="6D6B7F72-CB51-F7A8-8C42-C88C9E97451D"/>
</associations>
</Column>
<Column name="Grupo_nome_do_grupo" id="9E3EF7A5-A2F9-CC92-BE96-4AD585C402F1">
<createdBy>lilia</createdBy>
<createdTime>2024-01-08 20:47:41 UTC</createdTime>
<generatorID>9A0CE77F-8141-5210-B236-70D6D2DEC468</generatorID>
<ownerDesignName>sqlmps</ownerDesignName>
<useDomainConstraints>false</useDomainConstraints>
<use>1</use>
<logicalDatatype>LOGDT024</logicalDatatype>
<ownDataTypeParameters>,,</ownDataTypeParameters>
<previousColumn>false</previousColumn>
<autoIncrementCycle>false</autoIncrementCycle>
</Column>
<Column name="id_usuario" id="B4E16190-7DDF-EF08-6D6B-C6AEE8A047F6">
<createdBy>lilia</createdBy>
<createdTime>2024-01-08 21:22:30 UTC</createdTime>
<generatorID>19CE4E45-724E-E49B-D23E-7646F525FFF8</generatorID>
<ownerDesignName>sqlmps</ownerDesignName>
<useDomainConstraints>false</useDomainConstraints>
<use>1</use>
<logicalDatatype>LOGDT011</logicalDatatype>
<ownDataTypeParameters>,,</ownDataTypeParameters>
<previousColumn>false</previousColumn>
<autoIncrementCycle>false</autoIncrementCycle>
</Column>
<Column name="Grupo_id_grupo" id="E91ADDED-B0F0-0F77-A740-60B4C8E92EB7">
<createdBy>lilia</createdBy>
<createdTime>2024-01-08 21:22:30 UTC</createdTime>
<generatorID>A378D159-9008-7480-5597-D4EF21132F84</generatorID>
<ownerDesignName>sqlmps</ownerDesignName>
<useDomainConstraints>false</useDomainConstraints>
<use>1</use>
<logicalDatatype>LOGDT011</logicalDatatype>
<ownDataTypeParameters>,,</ownDataTypeParameters>
<previousColumn>false</previousColumn>
<autoIncrementCycle>false</autoIncrementCycle>
<associations>
<colAssociation fkAssociation="190DE651-E1D4-DC4A-93CB-D04D39EC7BEC" referredColumn="B22B37DF-C846-8E86-1028-5F4923E0C3A0"/>
</associations>
</Column>
</columns>
<indexes itemClass="oracle.dbtools.crest.model.design.relational.Index">
<ind_PK_UK id="5AAD7644-F8D0-0CCA-3271-55F4EC149F3B" name="Anotaçao_PK">
<createdBy>lilia</createdBy>
<createdTime>2024-01-03 20:03:14 UTC</createdTime>
<generatorID>8BF65D8D-526F-F19C-8AD2-C59A32E20F16</generatorID>
<ownerDesignName>sqlmps</ownerDesignName>
<pk>true</pk>
<indexState>Primary Constraint</indexState>
<isSurrogateKey>false</isSurrogateKey>
<indexColumnUsage>
<colUsage columnID="4964E781-F22C-7ED9-162D-C3A2A53496BA"/>
</indexColumnUsage>
</ind_PK_UK>
<ind_PK_UK id="892901E2-FBA4-40DB-C384-D3864E17FF1B" name="Anotaçao__IDX">
<createdBy>lilia</createdBy>
<createdTime>2024-01-08 20:47:41 UTC</createdTime>
<ownerDesignName>sqlmps</ownerDesignName>
<indexState>Unique Plain Index</indexState>
<isSurrogateKey>false</isSurrogateKey>
<relationGeneratorID>6798EBFB-DCE9-CF8C-2208-888CE68A283E</relationGeneratorID>
<indexColumnUsage>
<colUsage columnID="9E3EF7A5-A2F9-CC92-BE96-4AD585C402F1"/>
</indexColumnUsage>
</ind_PK_UK>
<ind_PK_UK id="1D1E46ED-8926-6A6F-2C76-66372C1E5D52" name="Anotaçao__IDXv1">
<createdBy>lilia</createdBy>
<createdTime>2024-01-08 21:22:30 UTC</createdTime>
<ownerDesignName>sqlmps</ownerDesignName>
<indexState>Unique Plain Index</indexState>
<isSurrogateKey>false</isSurrogateKey>
<relationGeneratorID>6798EBFB-DCE9-CF8C-2208-888CE68A283E</relationGeneratorID>
<indexColumnUsage>
<colUsage columnID="E91ADDED-B0F0-0F77-A740-60B4C8E92EB7"/>
</indexColumnUsage>
</ind_PK_UK>
<ind_PK_UK id="5DBC2F28-6756-6558-77D1-0ADA3CDA1353" name="Anotaçao_UsuarioJ_FK">
<createdBy>lilia</createdBy>
<createdTime>2024-01-03 20:03:14 UTC</createdTime>
<generatorID>17C2F078-5105-0DC9-76FE-01BA318875EC</generatorID>
<ownerDesignName>sqlmps</ownerDesignName>
<indexState>Foreign Key</indexState>
<isSurrogateKey>false</isSurrogateKey>
<indexColumnUsage>
<colUsage columnID="3F59FD7A-1910-980A-463B-3FABF6D1E20F"/>
</indexColumnUsage>
</ind_PK_UK>
<ind_PK_UK id="14412A41-A8D7-E1BF-30E9-FE4EEEE08EBE" name="Anotaçao_Grupo_FK">
<createdBy>lilia</createdBy>
<createdTime>2024-01-08 20:47:41 UTC</createdTime>
<generatorID>6798EBFB-DCE9-CF8C-2208-888CE68A283E</generatorID>
<ownerDesignName>sqlmps</ownerDesignName>
<indexState>Foreign Key</indexState>
<isSurrogateKey>false</isSurrogateKey>
<indexColumnUsage>
<colUsage columnID="E91ADDED-B0F0-0F77-A740-60B4C8E92EB7"/>
</indexColumnUsage>
</ind_PK_UK>
</indexes>
</Table>