<?xml version = '1.0' encoding = 'UTF-8'?>
<Table class="oracle.dbtools.crest.model.design.relational.Table" directorySegmentName="seg_0" id="69A9172D-DAFB-C3A2-A325-20A8149A88B7" name="Relation_32">
<createdBy>lilia</createdBy>
<createdTime>2024-01-08 20:47:41 UTC</createdTime>
<ownerDesignName>sqlmps</ownerDesignName>
<allowColumnReorder>false</allowColumnReorder>
<existDependencyGenerateInDDl>true</existDependencyGenerateInDDl>
<parsed>true</parsed>
<columns itemClass="oracle.dbtools.crest.model.design.relational.Column">
<Column name="UsuarioJ_login" id="ACAF8394-7B8B-87F5-F3B4-4989A7A6FE0D">
<createdBy>lilia</createdBy>
<createdTime>2024-01-08 20:47:41 UTC</createdTime>
<ownerDesignName>sqlmps</ownerDesignName>
<useDomainConstraints>false</useDomainConstraints>
<use>1</use>
<logicalDatatype>LOGDT024</logicalDatatype>
<dataTypeSize>15</dataTypeSize>
<ownDataTypeParameters>,,</ownDataTypeParameters>
<previousColumn>false</previousColumn>
<autoIncrementCycle>false</autoIncrementCycle>
<associations>
<colAssociation fkAssociation="9B487A44-667B-8059-4DCE-1BF2928B9B85" referredColumn="6D6B7F72-CB51-F7A8-8C42-C88C9E97451D"/>
</associations>
</Column>
<Column name="Grupo_nome_do_grupo" id="21D40558-2C12-3FC1-DCAC-DD4F754BB198">
<createdBy>lilia</createdBy>
<createdTime>2024-01-08 20:47:41 UTC</createdTime>
<ownerDesignName>sqlmps</ownerDesignName>
<useDomainConstraints>false</useDomainConstraints>
<use>1</use>
<logicalDatatype>LOGDT024</logicalDatatype>
<dataTypeSize>50</dataTypeSize>
<ownDataTypeParameters>,,</ownDataTypeParameters>
<previousColumn>false</previousColumn>
<autoIncrementCycle>false</autoIncrementCycle>
<associations>
<colAssociation fkAssociation="21069800-9043-366D-D32E-14177BF9F7CF" referredColumn="3D863D7B-A7E3-48EA-546C-2DF7FB5E09D7"/>
</associations>
</Column>
<Column name="Grupo_id_grupo" id="20CECD42-5D3B-CB3C-FDA3-78901B1AC770">
<createdBy>lilia</createdBy>
<createdTime>2024-01-08 21:22:30 UTC</createdTime>
<ownerDesignName>sqlmps</ownerDesignName>
<nullsAllowed>true</nullsAllowed>
<useDomainConstraints>false</useDomainConstraints>
<use>1</use>
<logicalDatatype>LOGDT011</logicalDatatype>
<ownDataTypeParameters>,,</ownDataTypeParameters>
<previousColumn>false</previousColumn>
<autoIncrementCycle>false</autoIncrementCycle>
<associations>
<colAssociation fkAssociation="21069800-9043-366D-D32E-14177BF9F7CF" referredColumn="B22B37DF-C846-8E86-1028-5F4923E0C3A0"/>
</associations>
</Column>
</columns>
<indexes itemClass="oracle.dbtools.crest.model.design.relational.Index">
<ind_PK_UK id="8995C030-A797-EA06-762A-2071C9EDD17A" name="Relation_32_PK">
<createdBy>lilia</createdBy>
<createdTime>2024-01-08 20:47:41 UTC</createdTime>
<ownerDesignName>sqlmps</ownerDesignName>
<pk>true</pk>
<indexState>Primary Constraint</indexState>
<isSurrogateKey>false</isSurrogateKey>
<indexColumnUsage>
<colUsage columnID="ACAF8394-7B8B-87F5-F3B4-4989A7A6FE0D"/>
<colUsage columnID="21D40558-2C12-3FC1-DCAC-DD4F754BB198"/>
<colUsage columnID="20CECD42-5D3B-CB3C-FDA3-78901B1AC770"/>
</indexColumnUsage>
</ind_PK_UK>
<ind_PK_UK id="0C920655-E828-0ED6-E535-8918058202C5" name="Relation_32_UsuarioJ_FK">
<createdBy>lilia</createdBy>
<createdTime>2024-01-08 20:47:41 UTC</createdTime>
<generatorID>E8065BF3-8416-DA86-6B64-799FAFE21B1F</generatorID>
<ownerDesignName>sqlmps</ownerDesignName>
<indexState>Foreign Key</indexState>
<isSurrogateKey>false</isSurrogateKey>
<indexColumnUsage>
<colUsage columnID="ACAF8394-7B8B-87F5-F3B4-4989A7A6FE0D"/>
</indexColumnUsage>
</ind_PK_UK>
<ind_PK_UK id="035B5229-D93B-9DAD-8E8A-41CF115B962E" name="Relation_32_Grupo_FK">
<createdBy>lilia</createdBy>
<createdTime>2024-01-08 20:47:41 UTC</createdTime>
<generatorID>E8065BF3-8416-DA86-6B64-799FAFE21B1F</generatorID>
<ownerDesignName>sqlmps</ownerDesignName>
<indexState>Foreign Key</indexState>
<isSurrogateKey>false</isSurrogateKey>
<indexColumnUsage>
<colUsage columnID="20CECD42-5D3B-CB3C-FDA3-78901B1AC770"/>
<colUsage columnID="21D40558-2C12-3FC1-DCAC-DD4F754BB198"/>
</indexColumnUsage>
</ind_PK_UK>
</indexes>
</Table>