<?xml version = '1.0' encoding = 'UTF-8'?>
<Table class="oracle.dbtools.crest.model.design.relational.Table" directorySegmentName="seg_0" id="8619AD82-EB04-FDE1-82A8-CA59E1D463C2" name="Calendar">
<createdBy>lilia</createdBy>
<createdTime>2024-01-03 20:03:14 UTC</createdTime>
<generatorID>83E476FC-D1E8-2643-F46C-4A21841AFC90</generatorID>
<ownerDesignName>sqlmps</ownerDesignName>
<allowColumnReorder>false</allowColumnReorder>
<existDependencyGenerateInDDl>true</existDependencyGenerateInDDl>
<parsed>true</parsed>
<columns itemClass="oracle.dbtools.crest.model.design.relational.Column">
<Column name="ano" id="6B3F48F3-22D9-867A-BE22-5DA73A9978F9">
<createdBy>lilia</createdBy>
<createdTime>2024-01-03 20:03:14 UTC</createdTime>
<generatorID>CAA4E1EE-E4CF-BF90-3358-1FBB6B219773</generatorID>
<ownerDesignName>sqlmps</ownerDesignName>
<nullsAllowed>true</nullsAllowed>
<useDomainConstraints>false</useDomainConstraints>
<use>1</use>
<logicalDatatype>LOGDT011</logicalDatatype>
<ownDataTypeParameters>,,</ownDataTypeParameters>
<autoIncrementCycle>false</autoIncrementCycle>
</Column>
<Column name="mes" id="890A8046-4A05-4998-BF62-405BEED12E3B">
<createdBy>lilia</createdBy>
<createdTime>2024-01-03 20:03:14 UTC</createdTime>
<generatorID>63E28B23-2BAA-9A45-68F3-6FCA5510ED11</generatorID>
<ownerDesignName>sqlmps</ownerDesignName>
<nullsAllowed>true</nullsAllowed>
<useDomainConstraints>false</useDomainConstraints>
<use>1</use>
<logicalDatatype>LOGDT011</logicalDatatype>
<ownDataTypeParameters>,,</ownDataTypeParameters>
<autoIncrementCycle>false</autoIncrementCycle>
</Column>
<Column name="dia" id="AB9A6D70-D030-1B3D-B53E-B39797956581">
<createdBy>lilia</createdBy>
<createdTime>2024-01-03 20:03:14 UTC</createdTime>
<generatorID>F83B9019-2C16-A7E5-7130-0CC7892E3B79</generatorID>
<ownerDesignName>sqlmps</ownerDesignName>
<nullsAllowed>true</nullsAllowed>
<useDomainConstraints>false</useDomainConstraints>
<use>1</use>
<logicalDatatype>LOGDT011</logicalDatatype>
<ownDataTypeParameters>,,</ownDataTypeParameters>
<autoIncrementCycle>false</autoIncrementCycle>
</Column>
<Column name="data_atual" id="6D474785-5078-4789-D94F-2C95E7A7A77C">
<createdBy>lilia</createdBy>
<createdTime>2024-01-03 20:03:14 UTC</createdTime>
<generatorID>620B98A8-7027-2B88-2C0C-D03A6FE36A2D</generatorID>
<ownerDesignName>sqlmps</ownerDesignName>
<nullsAllowed>true</nullsAllowed>
<useDomainConstraints>false</useDomainConstraints>
<use>1</use>
<logicalDatatype>LOGDT007</logicalDatatype>
<ownDataTypeParameters>,,</ownDataTypeParameters>
<autoIncrementCycle>false</autoIncrementCycle>
</Column>
<Column name="UsuarioJ_login" id="2C22F7E0-2991-1D6E-805A-6939F4B516B3">
<createdBy>lilia</createdBy>
<createdTime>2024-01-03 20:03:14 UTC</createdTime>
<generatorID>3304DFD4-3D30-1F46-061D-D766B236874C</generatorID>
<ownerDesignName>sqlmps</ownerDesignName>
<useDomainConstraints>false</useDomainConstraints>
<use>1</use>
<logicalDatatype>LOGDT024</logicalDatatype>
<dataTypeSize>15</dataTypeSize>
<ownDataTypeParameters>15,,</ownDataTypeParameters>
<previousColumn>false</previousColumn>
<autoIncrementCycle>false</autoIncrementCycle>
<associations>
<colAssociation fkAssociation="8FA0F144-C7C8-F29B-D818-B7CFE64AC195" referredColumn="6D6B7F72-CB51-F7A8-8C42-C88C9E97451D"/>
</associations>
</Column>
<Column name="Grupo_nome_do_grupo" id="D5390FFA-C019-CE8E-99F0-8342371E73EF">
<createdBy>lilia</createdBy>
<createdTime>2024-01-08 20:47:41 UTC</createdTime>
<generatorID>2191797D-0713-674A-BB5F-B353FFBA890C</generatorID>
<ownerDesignName>sqlmps</ownerDesignName>
<useDomainConstraints>false</useDomainConstraints>
<use>1</use>
<logicalDatatype>LOGDT024</logicalDatatype>
<ownDataTypeParameters>,,</ownDataTypeParameters>
<previousColumn>false</previousColumn>
<autoIncrementCycle>false</autoIncrementCycle>
</Column>
<Column name="id_usuario" id="8EDA6A22-0ACF-1370-CE45-CA2D98156ACE">
<createdBy>lilia</createdBy>
<createdTime>2024-01-08 21:22:30 UTC</createdTime>
<generatorID>23B139C1-FA39-B662-87E7-EDAE395DBE5D</generatorID>
<ownerDesignName>sqlmps</ownerDesignName>
<useDomainConstraints>false</useDomainConstraints>
<use>1</use>
<logicalDatatype>LOGDT011</logicalDatatype>
<ownDataTypeParameters>,,</ownDataTypeParameters>
<previousColumn>false</previousColumn>
<autoIncrementCycle>false</autoIncrementCycle>
</Column>
<Column name="Grupo_id_grupo" id="66427612-B899-A8EC-1BC9-BF1AAACF154F">
<createdBy>lilia</createdBy>
<createdTime>2024-01-08 21:22:30 UTC</createdTime>
<generatorID>A8C1FB26-3470-CAB6-0C22-CFC8B238F8E4</generatorID>
<ownerDesignName>sqlmps</ownerDesignName>
<useDomainConstraints>false</useDomainConstraints>
<use>1</use>
<logicalDatatype>LOGDT011</logicalDatatype>
<ownDataTypeParameters>,,</ownDataTypeParameters>
<previousColumn>false</previousColumn>
<autoIncrementCycle>false</autoIncrementCycle>
<associations>
<colAssociation fkAssociation="59418DEB-879D-42E6-DACB-8D719A2DB7F7" referredColumn="B22B37DF-C846-8E86-1028-5F4923E0C3A0"/>
</associations>
</Column>
</columns>
<indexes itemClass="oracle.dbtools.crest.model.design.relational.Index">
<ind_PK_UK id="38F0F95B-A460-33E3-B1BA-490D845E6A4D" name="Calendar__IDX">
<createdBy>lilia</createdBy>
<createdTime>2024-01-03 20:03:14 UTC</createdTime>
<ownerDesignName>sqlmps</ownerDesignName>
<indexState>Unique Plain Index</indexState>
<isSurrogateKey>false</isSurrogateKey>
<relationGeneratorID>66EE258F-CA42-0265-23D2-7ACCB8E3FCDA</relationGeneratorID>
<indexColumnUsage>
<colUsage columnID="2C22F7E0-2991-1D6E-805A-6939F4B516B3"/>
</indexColumnUsage>
</ind_PK_UK>
<ind_PK_UK id="84F6B441-BB71-5F36-F4A6-29466C557DA1" name="Calendar__IDX">
<createdBy>lilia</createdBy>
<createdTime>2024-01-08 20:47:41 UTC</createdTime>
<ownerDesignName>sqlmps</ownerDesignName>
<indexState>Unique Plain Index</indexState>
<isSurrogateKey>false</isSurrogateKey>
<relationGeneratorID>C3D81924-9A96-65DF-A703-DAD5D6AE24F7</relationGeneratorID>
<indexColumnUsage>
<colUsage columnID="D5390FFA-C019-CE8E-99F0-8342371E73EF"/>
</indexColumnUsage>
</ind_PK_UK>
<ind_PK_UK id="ED482210-4AE8-956D-4C0C-9FBB6C6AB2FE" name="Calendar__IDXv1">
<createdBy>lilia</createdBy>
<createdTime>2024-01-08 21:22:30 UTC</createdTime>
<ownerDesignName>sqlmps</ownerDesignName>
<indexState>Unique Plain Index</indexState>
<isSurrogateKey>false</isSurrogateKey>
<relationGeneratorID>C3D81924-9A96-65DF-A703-DAD5D6AE24F7</relationGeneratorID>
<indexColumnUsage>
<colUsage columnID="66427612-B899-A8EC-1BC9-BF1AAACF154F"/>
</indexColumnUsage>
</ind_PK_UK>
<ind_PK_UK id="585DE66E-0604-3DF7-332D-7A3C8A76EEEE" name="Calendar_UsuarioJ_FK">
<createdBy>lilia</createdBy>
<createdTime>2024-01-03 20:03:14 UTC</createdTime>
<generatorID>66EE258F-CA42-0265-23D2-7ACCB8E3FCDA</generatorID>
<ownerDesignName>sqlmps</ownerDesignName>
<indexState>Foreign Key</indexState>
<isSurrogateKey>false</isSurrogateKey>
<indexColumnUsage>
<colUsage columnID="2C22F7E0-2991-1D6E-805A-6939F4B516B3"/>
</indexColumnUsage>
</ind_PK_UK>
<ind_PK_UK id="A1733A41-C772-6474-2F03-FCC0B302005E" name="Calendar_Grupo_FK">
<createdBy>lilia</createdBy>
<createdTime>2024-01-08 20:47:41 UTC</createdTime>
<generatorID>C3D81924-9A96-65DF-A703-DAD5D6AE24F7</generatorID>
<ownerDesignName>sqlmps</ownerDesignName>
<indexState>Foreign Key</indexState>
<isSurrogateKey>false</isSurrogateKey>
<indexColumnUsage>
<colUsage columnID="66427612-B899-A8EC-1BC9-BF1AAACF154F"/>
</indexColumnUsage>
</ind_PK_UK>
</indexes>
</Table>