<?xml version = '1.0' encoding = 'UTF-8'?>
<Table class="oracle.dbtools.crest.model.design.relational.Table" directorySegmentName="seg_0" id="A1D5775E-DC3A-594E-23C6-A64249042AD6" name="configuraçoes">
<createdBy>lilia</createdBy>
<createdTime>2024-01-08 20:47:41 UTC</createdTime>
<generatorID>6206EFD2-9E6B-6BCF-08CF-F8A9354C897B</generatorID>
<ownerDesignName>sqlmps</ownerDesignName>
<allowColumnReorder>false</allowColumnReorder>
<existDependencyGenerateInDDl>true</existDependencyGenerateInDDl>
<parsed>true</parsed>
<columns itemClass="oracle.dbtools.crest.model.design.relational.Column">
<Column name="horario" id="13FE6A1C-96B6-2EE4-DCA6-B24AE927E43E">
<createdBy>lilia</createdBy>
<createdTime>2024-01-08 20:47:41 UTC</createdTime>
<generatorID>42FFF09B-4EA5-02C7-4ADE-9A0C9EC69FB0</generatorID>
<ownerDesignName>sqlmps</ownerDesignName>
<nullsAllowed>true</nullsAllowed>
<useDomainConstraints>false</useDomainConstraints>
<use>1</use>
<logicalDatatype>LOGDT008</logicalDatatype>
<ownDataTypeParameters>,,</ownDataTypeParameters>
<autoIncrementCycle>false</autoIncrementCycle>
</Column>
<Column name="UsuarioJ_login" id="9C81C3DA-8DD5-AF0C-90B1-1AA5AB81F3BA">
<createdBy>lilia</createdBy>
<createdTime>2024-01-08 20:47:41 UTC</createdTime>
<generatorID>C12A72B7-95C9-07E4-257C-BE695F39116E</generatorID>
<ownerDesignName>sqlmps</ownerDesignName>
<useDomainConstraints>false</useDomainConstraints>
<use>1</use>
<logicalDatatype>LOGDT024</logicalDatatype>
<dataTypeSize>15</dataTypeSize>
<ownDataTypeParameters>,,</ownDataTypeParameters>
<previousColumn>false</previousColumn>
<autoIncrementCycle>false</autoIncrementCycle>
<associations>
<colAssociation fkAssociation="28EB7362-10A7-F414-CA59-7B2F279D156C" referredColumn="6D6B7F72-CB51-F7A8-8C42-C88C9E97451D"/>
</associations>
</Column>
<Column name="id_usuario" id="039AC581-E90B-7D38-5778-D1A7CAB9552D">
<createdBy>lilia</createdBy>
<createdTime>2024-01-08 21:22:30 UTC</createdTime>
<generatorID>4F969E2F-D99A-878C-F60F-7E4D75B6F9ED</generatorID>
<ownerDesignName>sqlmps</ownerDesignName>
<useDomainConstraints>false</useDomainConstraints>
<use>1</use>
<logicalDatatype>LOGDT011</logicalDatatype>
<ownDataTypeParameters>,,</ownDataTypeParameters>
<previousColumn>false</previousColumn>
<autoIncrementCycle>false</autoIncrementCycle>
</Column>
</columns>
<indexes itemClass="oracle.dbtools.crest.model.design.relational.Index">
<ind_PK_UK id="E41445A2-8387-0716-F714-EC0476353BB6" name="configuraçoes__IDX">
<createdBy>lilia</createdBy>
<createdTime>2024-01-08 20:47:41 UTC</createdTime>
<ownerDesignName>sqlmps</ownerDesignName>
<indexState>Unique Plain Index</indexState>
<isSurrogateKey>false</isSurrogateKey>
<relationGeneratorID>78EBE756-CA38-AA70-EE0B-D217A5962372</relationGeneratorID>
<indexColumnUsage>
<colUsage columnID="9C81C3DA-8DD5-AF0C-90B1-1AA5AB81F3BA"/>
</indexColumnUsage>
</ind_PK_UK>
<ind_PK_UK id="0A276359-366D-A90F-495E-8D56F9488DD7" name="configuraçoes_UsuarioJ_FK">
<createdBy>lilia</createdBy>
<createdTime>2024-01-08 20:47:41 UTC</createdTime>
<generatorID>78EBE756-CA38-AA70-EE0B-D217A5962372</generatorID>
<ownerDesignName>sqlmps</ownerDesignName>
<indexState>Foreign Key</indexState>
<isSurrogateKey>false</isSurrogateKey>
<indexColumnUsage>
<colUsage columnID="9C81C3DA-8DD5-AF0C-90B1-1AA5AB81F3BA"/>
</indexColumnUsage>
</ind_PK_UK>
</indexes>
</Table>