<?xml version = '1.0' encoding = 'UTF-8'?>
<Table class="oracle.dbtools.crest.model.design.relational.Table" directorySegmentName="seg_0" id="B27F812D-7FE3-B077-E387-E7B96AC2FCB3" name="Atividade">
<createdBy>lilia</createdBy>
<createdTime>2024-01-03 20:03:14 UTC</createdTime>
<generatorID>0D9A6AF4-313D-128F-327A-E9D67390E605</generatorID>
<ownerDesignName>sqlmps</ownerDesignName>
<allowColumnReorder>false</allowColumnReorder>
<existDependencyGenerateInDDl>true</existDependencyGenerateInDDl>
<parsed>true</parsed>
<columns itemClass="oracle.dbtools.crest.model.design.relational.Column">
<Column name="nome" id="C8D7CF70-3AEE-BF0E-E0F4-3445A0113CE3">
<createdBy>lilia</createdBy>
<createdTime>2024-01-03 20:03:14 UTC</createdTime>
<generatorID>36A67083-080B-75B3-20CD-5769A8931FBE</generatorID>
<ownerDesignName>sqlmps</ownerDesignName>
<useDomainConstraints>false</useDomainConstraints>
<use>1</use>
<logicalDatatype>LOGDT024</logicalDatatype>
<dataTypeSize>20</dataTypeSize>
<ownDataTypeParameters>20,,</ownDataTypeParameters>
<autoIncrementCycle>false</autoIncrementCycle>
</Column>
<Column name="descricao" id="056A369A-7ACC-D448-D881-273A6BF83D8A">
<createdBy>lilia</createdBy>
<createdTime>2024-01-03 20:03:14 UTC</createdTime>
<generatorID>7C171BD9-3438-0D3A-DA03-FE6E9311ED31</generatorID>
<ownerDesignName>sqlmps</ownerDesignName>
<useDomainConstraints>false</useDomainConstraints>
<use>1</use>
<logicalDatatype>LOGDT024</logicalDatatype>
<dataTypeSize>100</dataTypeSize>
<ownDataTypeParameters>100,,</ownDataTypeParameters>
<autoIncrementCycle>false</autoIncrementCycle>
</Column>
<Column name="UsuarioJ_login" id="4A19A395-762B-D9C6-8494-3CF366032837">
<createdBy>lilia</createdBy>
<createdTime>2024-01-03 20:03:14 UTC</createdTime>
<generatorID>79B7B1D3-8B07-E45E-6CFD-D8818DB16D1D</generatorID>
<ownerDesignName>sqlmps</ownerDesignName>
<useDomainConstraints>false</useDomainConstraints>
<use>1</use>
<logicalDatatype>LOGDT024</logicalDatatype>
<dataTypeSize>15</dataTypeSize>
<ownDataTypeParameters>15,,</ownDataTypeParameters>
<previousColumn>false</previousColumn>
<autoIncrementCycle>false</autoIncrementCycle>
<associations>
<colAssociation fkAssociation="ECD7B9E9-3E4B-D661-06B4-DC9097BF28E1" referredColumn="6D6B7F72-CB51-F7A8-8C42-C88C9E97451D"/>
</associations>
</Column>
<Column name="status" id="77AC9B1A-DC7D-F5A6-FFFE-6E8141A617D8">
<createdBy>lilia</createdBy>
<createdTime>2024-01-08 20:47:41 UTC</createdTime>
<generatorID>F78CB4DC-928B-95F5-9E6C-6B7527D063E7</generatorID>
<ownerDesignName>sqlmps</ownerDesignName>
<nullsAllowed>true</nullsAllowed>
<useDomainConstraints>false</useDomainConstraints>
<use>1</use>
<logicalDatatype>LOGDT006</logicalDatatype>
<dataTypeSize>1</dataTypeSize>
<ownDataTypeParameters>1,,</ownDataTypeParameters>
<autoIncrementCycle>false</autoIncrementCycle>
</Column>
<Column name="historico_historico_ID" id="B738B8ED-6DD7-1F02-678B-69ACF1BA9B61">
<createdBy>lilia</createdBy>
<createdTime>2024-01-08 20:47:41 UTC</createdTime>
<ownerDesignName>sqlmps</ownerDesignName>
<useDomainConstraints>false</useDomainConstraints>
<use>1</use>
<logicalDatatype>LOGDT019</logicalDatatype>
<ownDataTypeParameters>,,</ownDataTypeParameters>
<previousColumn>false</previousColumn>
<autoIncrementCycle>false</autoIncrementCycle>
<associations>
<colAssociation fkAssociation="C2302FEE-3B75-537A-589F-265D9DB59308" referredColumn="5286031B-F1F5-FE29-551F-6AD9D24AAE73"/>
</associations>
</Column>
<Column name="id_usuario" id="6C9746E4-A41A-F6D3-9219-8BDE2E0A24F1">
<createdBy>lilia</createdBy>
<createdTime>2024-01-08 21:22:30 UTC</createdTime>
<generatorID>FCF8D594-B407-5C72-569E-5EA6F94C8BD2</generatorID>
<ownerDesignName>sqlmps</ownerDesignName>
<useDomainConstraints>false</useDomainConstraints>
<use>1</use>
<logicalDatatype>LOGDT011</logicalDatatype>
<ownDataTypeParameters>,,</ownDataTypeParameters>
<previousColumn>false</previousColumn>
<autoIncrementCycle>false</autoIncrementCycle>
</Column>
<Column name="id_atividade" id="840E18F3-9110-3296-E9C3-3078A9CD9EA5">
<createdBy>lilia</createdBy>
<createdTime>2024-01-08 21:22:30 UTC</createdTime>
<generatorID>F5308691-2B8E-7B5C-EE3C-018CFDB05561</generatorID>
<ownerDesignName>sqlmps</ownerDesignName>
<useDomainConstraints>false</useDomainConstraints>
<use>1</use>
<logicalDatatype>LOGDT011</logicalDatatype>
<ownDataTypeParameters>,,</ownDataTypeParameters>
<autoIncrementCycle>false</autoIncrementCycle>
</Column>
</columns>
<indexes itemClass="oracle.dbtools.crest.model.design.relational.Index">
<ind_PK_UK id="8FB70371-8677-BC0A-2344-4152E7B4EEA1" name="Atividade_PK">
<createdBy>lilia</createdBy>
<createdTime>2024-01-03 20:03:14 UTC</createdTime>
<generatorID>B6382259-F659-39D5-95B0-C5DCCB720821</generatorID>
<ownerDesignName>sqlmps</ownerDesignName>
<pk>true</pk>
<indexState>Primary Constraint</indexState>
<isSurrogateKey>false</isSurrogateKey>
<indexColumnUsage>
<colUsage columnID="C8D7CF70-3AEE-BF0E-E0F4-3445A0113CE3"/>
</indexColumnUsage>
</ind_PK_UK>
<ind_PK_UK id="61F4FE9A-2817-CA2F-4E53-8033CF3BDDD8" name="Atividade_UsuarioJ_FK">
<createdBy>lilia</createdBy>
<createdTime>2024-01-03 20:03:14 UTC</createdTime>
<generatorID>1619FAD1-EFA0-E789-FB69-D17C05BA4AD9</generatorID>
<ownerDesignName>sqlmps</ownerDesignName>
<indexState>Foreign Key</indexState>
<isSurrogateKey>false</isSurrogateKey>
<indexColumnUsage>
<colUsage columnID="4A19A395-762B-D9C6-8494-3CF366032837"/>
</indexColumnUsage>
</ind_PK_UK>
<ind_PK_UK id="E8CFF1A8-7A92-54B5-CFCA-C56F4D1076E2" name="Atividade_historico_FK">
<createdBy>lilia</createdBy>
<createdTime>2024-01-08 20:47:41 UTC</createdTime>
<generatorID>BD9B3363-87D6-12EA-9942-118EBD31F312</generatorID>
<ownerDesignName>sqlmps</ownerDesignName>
<indexState>Foreign Key</indexState>
<isSurrogateKey>false</isSurrogateKey>
<indexColumnUsage>
<colUsage columnID="B738B8ED-6DD7-1F02-678B-69ACF1BA9B61"/>
</indexColumnUsage>
</ind_PK_UK>
</indexes>
</Table>