<?xml version = '1.0' encoding = 'UTF-8'?>
<Table class="oracle.dbtools.crest.model.design.relational.Table" directorySegmentName="seg_0" id="B4EF5851-456E-B4B8-37F1-9C48ED2BE474" name="historico">
<createdBy>lilia</createdBy>
<createdTime>2024-01-03 20:03:14 UTC</createdTime>
<generatorID>01A5D3CB-4E75-FA12-1C60-4780AC62C8D7</generatorID>
<ownerDesignName>sqlmps</ownerDesignName>
<allowColumnReorder>false</allowColumnReorder>
<existDependencyGenerateInDDl>true</existDependencyGenerateInDDl>
<parsed>true</parsed>
<columns itemClass="oracle.dbtools.crest.model.design.relational.Column">
<Column name="historico_ID" id="5286031B-F1F5-FE29-551F-6AD9D24AAE73">
<createdBy>lilia</createdBy>
<createdTime>2024-01-08 20:47:41 UTC</createdTime>
<ownerDesignName>sqlmps</ownerDesignName>
<useDomainConstraints>false</useDomainConstraints>
<use>1</use>
<logicalDatatype>LOGDT019</logicalDatatype>
<ownDataTypeParameters>,,</ownDataTypeParameters>
<autoIncrementColumn>true</autoIncrementColumn>
<identityColumn>true</identityColumn>
<autoIncrementCycle>false</autoIncrementCycle>
<isSurrogateColumn>true</isSurrogateColumn>
</Column>
<Column name="atv_realizadas" id="8D568062-5747-CFC6-D8BD-1F7D3BAA6805">
<createdBy>lilia</createdBy>
<createdTime>2024-01-03 20:03:14 UTC</createdTime>
<generatorID>A2856737-AD30-2501-2BAC-9A51C253A485</generatorID>
<ownerDesignName>sqlmps</ownerDesignName>
<nullsAllowed>true</nullsAllowed>
<useDomainConstraints>false</useDomainConstraints>
<use>1</use>
<logicalDatatype>LOGDT024</logicalDatatype>
<dataTypeSize>500</dataTypeSize>
<ownDataTypeParameters>500,,</ownDataTypeParameters>
<autoIncrementCycle>false</autoIncrementCycle>
</Column>
<Column name="periodo" id="BBDDE4E4-4514-5958-33EC-187110A56995">
<createdBy>lilia</createdBy>
<createdTime>2024-01-03 20:03:14 UTC</createdTime>
<generatorID>1FACB696-5117-83CE-CEC4-F661B854EBF6</generatorID>
<ownerDesignName>sqlmps</ownerDesignName>
<nullsAllowed>true</nullsAllowed>
<useDomainConstraints>false</useDomainConstraints>
<use>1</use>
<logicalDatatype>LOGDT024</logicalDatatype>
<dataTypeSize>6</dataTypeSize>
<ownDataTypeParameters>6,,</ownDataTypeParameters>
<autoIncrementCycle>false</autoIncrementCycle>
</Column>
<Column name="UsuarioJ_login" id="52FF0F1C-D7C2-D9A6-54D4-EB1134763535">
<createdBy>lilia</createdBy>
<createdTime>2024-01-03 20:03:14 UTC</createdTime>
<generatorID>96CBBB3A-AECF-0B4C-51C5-E9CB032CAEAE</generatorID>
<ownerDesignName>sqlmps</ownerDesignName>
<useDomainConstraints>false</useDomainConstraints>
<use>1</use>
<logicalDatatype>LOGDT024</logicalDatatype>
<dataTypeSize>15</dataTypeSize>
<ownDataTypeParameters>15,,</ownDataTypeParameters>
<previousColumn>false</previousColumn>
<autoIncrementCycle>false</autoIncrementCycle>
<associations>
<colAssociation fkAssociation="C45E47B9-C47E-6BD9-01B9-83C23DBAAD0B" referredColumn="6D6B7F72-CB51-F7A8-8C42-C88C9E97451D"/>
</associations>
</Column>
<Column name="Grupo_nome_do_grupo" id="A46300BB-8EEC-DDAB-59FE-F86B6A13455F">
<createdBy>lilia</createdBy>
<createdTime>2024-01-08 20:47:41 UTC</createdTime>
<generatorID>9629C5C5-4981-98C2-D591-0161C7E1258E</generatorID>
<ownerDesignName>sqlmps</ownerDesignName>
<useDomainConstraints>false</useDomainConstraints>
<use>1</use>
<logicalDatatype>LOGDT024</logicalDatatype>
<ownDataTypeParameters>,,</ownDataTypeParameters>
<previousColumn>false</previousColumn>
<autoIncrementCycle>false</autoIncrementCycle>
</Column>
<Column name="id_usuario" id="8D547213-1E6C-D713-6968-5DB70E76C3FF">
<createdBy>lilia</createdBy>
<createdTime>2024-01-08 21:22:30 UTC</createdTime>
<generatorID>2BC83604-D55A-D1C9-26C6-D1D78FF5D0D7</generatorID>
<ownerDesignName>sqlmps</ownerDesignName>
<useDomainConstraints>false</useDomainConstraints>
<use>1</use>
<logicalDatatype>LOGDT011</logicalDatatype>
<ownDataTypeParameters>,,</ownDataTypeParameters>
<previousColumn>false</previousColumn>
<autoIncrementCycle>false</autoIncrementCycle>
</Column>
<Column name="Grupo_id_grupo" id="2F26CA27-1ADA-9BD5-D903-ED4206CFD7B1">
<createdBy>lilia</createdBy>
<createdTime>2024-01-08 21:22:30 UTC</createdTime>
<generatorID>BD43F1C8-9F89-443F-F9F8-B66B47DBF87E</generatorID>
<ownerDesignName>sqlmps</ownerDesignName>
<useDomainConstraints>false</useDomainConstraints>
<use>1</use>
<logicalDatatype>LOGDT011</logicalDatatype>
<ownDataTypeParameters>,,</ownDataTypeParameters>
<previousColumn>false</previousColumn>
<autoIncrementCycle>false</autoIncrementCycle>
<associations>
<colAssociation fkAssociation="B0233DCC-9413-7710-8E7E-FA6C41DD195E" referredColumn="B22B37DF-C846-8E86-1028-5F4923E0C3A0"/>
</associations>
</Column>
</columns>
<indexes itemClass="oracle.dbtools.crest.model.design.relational.Index">
<ind_PK_UK id="78DEE139-F207-D038-D121-C3D59DBD9205" name="historico_PK">
<createdBy>lilia</createdBy>
<createdTime>2024-01-08 20:47:41 UTC</createdTime>
<ownerDesignName>sqlmps</ownerDesignName>
<pk>true</pk>
<indexState>Primary Constraint</indexState>
<indexColumnUsage>
<colUsage columnID="5286031B-F1F5-FE29-551F-6AD9D24AAE73"/>
</indexColumnUsage>
</ind_PK_UK>
<ind_PK_UK id="3781630A-2669-6277-2361-9B7F1A8971F2" name="historico__IDX">
<createdBy>lilia</createdBy>
<createdTime>2024-01-03 20:03:14 UTC</createdTime>
<ownerDesignName>sqlmps</ownerDesignName>
<indexState>Unique Plain Index</indexState>
<isSurrogateKey>false</isSurrogateKey>
<relationGeneratorID>BE671EDC-CE17-5EA5-0122-4525B59251A8</relationGeneratorID>
<indexColumnUsage>
<colUsage columnID="52FF0F1C-D7C2-D9A6-54D4-EB1134763535"/>
</indexColumnUsage>
</ind_PK_UK>
<ind_PK_UK id="324B873A-0B1D-EC44-6A52-D34CF2AFE6CB" name="historico__IDX">
<createdBy>lilia</createdBy>
<createdTime>2024-01-08 20:47:41 UTC</createdTime>
<ownerDesignName>sqlmps</ownerDesignName>
<indexState>Unique Plain Index</indexState>
<isSurrogateKey>false</isSurrogateKey>
<relationGeneratorID>B3603061-A00F-9FA2-7129-E2714DAC1292</relationGeneratorID>
<indexColumnUsage>
<colUsage columnID="A46300BB-8EEC-DDAB-59FE-F86B6A13455F"/>
</indexColumnUsage>
</ind_PK_UK>
<ind_PK_UK id="6414CED5-9C0E-BB9F-4C6A-3EAE06DC7182" name="historico__IDXv1">
<createdBy>lilia</createdBy>
<createdTime>2024-01-08 21:22:30 UTC</createdTime>
<ownerDesignName>sqlmps</ownerDesignName>
<indexState>Unique Plain Index</indexState>
<isSurrogateKey>false</isSurrogateKey>
<relationGeneratorID>B3603061-A00F-9FA2-7129-E2714DAC1292</relationGeneratorID>
<indexColumnUsage>
<colUsage columnID="2F26CA27-1ADA-9BD5-D903-ED4206CFD7B1"/>
</indexColumnUsage>
</ind_PK_UK>
<ind_PK_UK id="7337604D-3FC8-3054-DC58-5AD224622AE1" name="historico_UsuarioJ_FK">
<createdBy>lilia</createdBy>
<createdTime>2024-01-03 20:03:14 UTC</createdTime>
<generatorID>BE671EDC-CE17-5EA5-0122-4525B59251A8</generatorID>
<ownerDesignName>sqlmps</ownerDesignName>
<indexState>Foreign Key</indexState>
<isSurrogateKey>false</isSurrogateKey>
<indexColumnUsage>
<colUsage columnID="52FF0F1C-D7C2-D9A6-54D4-EB1134763535"/>
</indexColumnUsage>
</ind_PK_UK>
<ind_PK_UK id="FDC920DA-7DDE-4A2F-C49A-9A3A69D3066A" name="historico_Grupo_FK">
<createdBy>lilia</createdBy>
<createdTime>2024-01-08 20:47:41 UTC</createdTime>
<generatorID>B3603061-A00F-9FA2-7129-E2714DAC1292</generatorID>
<ownerDesignName>sqlmps</ownerDesignName>
<indexState>Foreign Key</indexState>
<isSurrogateKey>false</isSurrogateKey>
<indexColumnUsage>
<colUsage columnID="2F26CA27-1ADA-9BD5-D903-ED4206CFD7B1"/>
</indexColumnUsage>
</ind_PK_UK>
</indexes>
</Table>