<?xml version = '1.0' encoding = 'UTF-8'?>
<Table class="oracle.dbtools.crest.model.design.relational.Table" directorySegmentName="seg_0" id="BFF3577B-1CF0-B62D-C2BC-49EA7F9B7611" name="Videoconferencia">
<createdBy>lilia</createdBy>
<createdTime>2024-01-03 20:03:14 UTC</createdTime>
<generatorID>1C8BED96-EBD7-BEC6-DEBD-07C0AFF3743D</generatorID>
<ownerDesignName>sqlmps</ownerDesignName>
<allowColumnReorder>false</allowColumnReorder>
<existDependencyGenerateInDDl>true</existDependencyGenerateInDDl>
<parsed>true</parsed>
<columns itemClass="oracle.dbtools.crest.model.design.relational.Column">
<Column name="link" id="278A8E5B-470E-AC3B-5CEE-A729F96EB8C4">
<createdBy>lilia</createdBy>
<createdTime>2024-01-03 20:03:14 UTC</createdTime>
<generatorID>138901B0-1538-CBCE-E1EC-2E6CCC80F996</generatorID>
<ownerDesignName>sqlmps</ownerDesignName>
<useDomainConstraints>false</useDomainConstraints>
<use>1</use>
<logicalDatatype>LOGDT024</logicalDatatype>
<dataTypeSize>80</dataTypeSize>
<ownDataTypeParameters>80,,</ownDataTypeParameters>
<autoIncrementCycle>false</autoIncrementCycle>
</Column>
<Column name="UsuarioJ_login" id="16F1F858-C228-3011-0413-0DA3A127E980">
<createdBy>lilia</createdBy>
<createdTime>2024-01-03 20:03:14 UTC</createdTime>
<generatorID>82ADCBC3-FF4D-86F0-8A19-108CAA0BBBB8</generatorID>
<ownerDesignName>sqlmps</ownerDesignName>
<useDomainConstraints>false</useDomainConstraints>
<use>1</use>
<logicalDatatype>LOGDT024</logicalDatatype>
<dataTypeSize>15</dataTypeSize>
<ownDataTypeParameters>15,,</ownDataTypeParameters>
<previousColumn>false</previousColumn>
<autoIncrementCycle>false</autoIncrementCycle>
<associations>
<colAssociation fkAssociation="04726F93-3026-758C-730C-F08172331A82" referredColumn="6D6B7F72-CB51-F7A8-8C42-C88C9E97451D"/>
</associations>
</Column>
<Column name="Grupo_nome_do_grupo" id="3A7E8C6C-F79D-6154-7457-BF0F4F15BD71">
<createdBy>lilia</createdBy>
<createdTime>2024-01-08 20:47:41 UTC</createdTime>
<generatorID>634BBFAE-5D08-3B3D-3769-4B73F033B4F5</generatorID>
<ownerDesignName>sqlmps</ownerDesignName>
<useDomainConstraints>false</useDomainConstraints>
<use>1</use>
<logicalDatatype>LOGDT024</logicalDatatype>
<ownDataTypeParameters>,,</ownDataTypeParameters>
<previousColumn>false</previousColumn>
<autoIncrementCycle>false</autoIncrementCycle>
</Column>
<Column name="id_usuario" id="C8C7354C-2D2F-7933-AD92-6E2DDF28C3D8">
<createdBy>lilia</createdBy>
<createdTime>2024-01-08 21:22:30 UTC</createdTime>
<generatorID>51D6AFC2-C334-D10F-9A46-40CB90A005C1</generatorID>
<ownerDesignName>sqlmps</ownerDesignName>
<useDomainConstraints>false</useDomainConstraints>
<use>1</use>
<logicalDatatype>LOGDT011</logicalDatatype>
<ownDataTypeParameters>,,</ownDataTypeParameters>
<previousColumn>false</previousColumn>
<autoIncrementCycle>false</autoIncrementCycle>
</Column>
<Column name="Grupo_id_grupo" id="5D8FCFDD-B78D-C434-FC80-9FD88BD02954">
<createdBy>lilia</createdBy>
<createdTime>2024-01-08 21:22:30 UTC</createdTime>
<generatorID>306E36E0-DD64-2CED-AD96-29F4C4DB5759</generatorID>
<ownerDesignName>sqlmps</ownerDesignName>
<useDomainConstraints>false</useDomainConstraints>
<use>1</use>
<logicalDatatype>LOGDT011</logicalDatatype>
<ownDataTypeParameters>,,</ownDataTypeParameters>
<previousColumn>false</previousColumn>
<autoIncrementCycle>false</autoIncrementCycle>
<associations>
<colAssociation fkAssociation="B5366E53-34CE-BAAF-23EB-01BF923A1D6D" referredColumn="B22B37DF-C846-8E86-1028-5F4923E0C3A0"/>
</associations>
</Column>
</columns>
<indexes itemClass="oracle.dbtools.crest.model.design.relational.Index">
<ind_PK_UK id="4EC2933C-A831-2D43-885A-82D2698BBE5D" name="Videoconferencia_PK">
<createdBy>lilia</createdBy>
<createdTime>2024-01-03 20:03:14 UTC</createdTime>
<generatorID>04EC6F9D-CD0B-FA14-A787-F21FE716586A</generatorID>
<ownerDesignName>sqlmps</ownerDesignName>
<pk>true</pk>
<indexState>Primary Constraint</indexState>
<isSurrogateKey>false</isSurrogateKey>
<indexColumnUsage>
<colUsage columnID="278A8E5B-470E-AC3B-5CEE-A729F96EB8C4"/>
</indexColumnUsage>
</ind_PK_UK>
<ind_PK_UK id="76442744-7494-B809-C744-3548A0B6630C" name="Videoconferencia__IDX">
<createdBy>lilia</createdBy>
<createdTime>2024-01-03 20:03:14 UTC</createdTime>
<ownerDesignName>sqlmps</ownerDesignName>
<indexState>Unique Plain Index</indexState>
<isSurrogateKey>false</isSurrogateKey>
<relationGeneratorID>54233338-61D3-3E36-6F84-1CB1FAE87866</relationGeneratorID>
<indexColumnUsage>
<colUsage columnID="16F1F858-C228-3011-0413-0DA3A127E980"/>
</indexColumnUsage>
</ind_PK_UK>
<ind_PK_UK id="635270D6-43CD-370C-B27A-E53C60C7CED9" name="Videoconferencia__IDX">
<createdBy>lilia</createdBy>
<createdTime>2024-01-08 20:47:41 UTC</createdTime>
<ownerDesignName>sqlmps</ownerDesignName>
<indexState>Unique Plain Index</indexState>
<isSurrogateKey>false</isSurrogateKey>
<relationGeneratorID>EF7044AF-8AD4-A43C-E001-313DED25626F</relationGeneratorID>
<indexColumnUsage>
<colUsage columnID="3A7E8C6C-F79D-6154-7457-BF0F4F15BD71"/>
</indexColumnUsage>
</ind_PK_UK>
<ind_PK_UK id="A7099BA0-AF04-97C0-4AC3-8204CDC1B5A4" name="Videoconferencia__IDXv1">
<createdBy>lilia</createdBy>
<createdTime>2024-01-08 21:22:30 UTC</createdTime>
<ownerDesignName>sqlmps</ownerDesignName>
<indexState>Unique Plain Index</indexState>
<isSurrogateKey>false</isSurrogateKey>
<relationGeneratorID>EF7044AF-8AD4-A43C-E001-313DED25626F</relationGeneratorID>
<indexColumnUsage>
<colUsage columnID="5D8FCFDD-B78D-C434-FC80-9FD88BD02954"/>
</indexColumnUsage>
</ind_PK_UK>
<ind_PK_UK id="6EAA9269-24CB-CCED-E1E2-CA83F57DF224" name="Videoconferencia_UsuarioJ_FK">
<createdBy>lilia</createdBy>
<createdTime>2024-01-03 20:03:14 UTC</createdTime>
<generatorID>54233338-61D3-3E36-6F84-1CB1FAE87866</generatorID>
<ownerDesignName>sqlmps</ownerDesignName>
<indexState>Foreign Key</indexState>
<isSurrogateKey>false</isSurrogateKey>
<indexColumnUsage>
<colUsage columnID="16F1F858-C228-3011-0413-0DA3A127E980"/>
</indexColumnUsage>
</ind_PK_UK>
<ind_PK_UK id="2D718831-1254-2802-6EB1-3674D6B2DE48" name="Videoconferencia_Grupo_FK">
<createdBy>lilia</createdBy>
<createdTime>2024-01-08 20:47:41 UTC</createdTime>
<generatorID>EF7044AF-8AD4-A43C-E001-313DED25626F</generatorID>
<ownerDesignName>sqlmps</ownerDesignName>
<indexState>Foreign Key</indexState>
<isSurrogateKey>false</isSurrogateKey>
<indexColumnUsage>
<colUsage columnID="5D8FCFDD-B78D-C434-FC80-9FD88BD02954"/>
</indexColumnUsage>
</ind_PK_UK>
</indexes>
</Table>