<?xml version = '1.0' encoding = 'UTF-8'?>
<Table class="oracle.dbtools.crest.model.design.relational.Table" directorySegmentName="seg_0" id="C28295E2-0070-3F24-F7F8-E28180157CFC" name="Lembrete">
<createdBy>lilia</createdBy>
<createdTime>2024-01-03 20:03:14 UTC</createdTime>
<generatorID>3934171A-D39A-C5E1-BB00-DA64FE06B152</generatorID>
<ownerDesignName>sqlmps</ownerDesignName>
<allowColumnReorder>false</allowColumnReorder>
<existDependencyGenerateInDDl>true</existDependencyGenerateInDDl>
<parsed>true</parsed>
<columns itemClass="oracle.dbtools.crest.model.design.relational.Column">
<Column name="mensagem" id="D80A78CA-A868-62FC-9304-19A43DA8EA5C">
<createdBy>lilia</createdBy>
<createdTime>2024-01-03 20:03:14 UTC</createdTime>
<generatorID>F8627504-5093-9865-EA3A-A2204CCF9E58</generatorID>
<ownerDesignName>sqlmps</ownerDesignName>
<useDomainConstraints>false</useDomainConstraints>
<use>1</use>
<logicalDatatype>LOGDT024</logicalDatatype>
<dataTypeSize>100</dataTypeSize>
<ownDataTypeParameters>100,,</ownDataTypeParameters>
<autoIncrementCycle>false</autoIncrementCycle>
</Column>
<Column name="datahora" id="370C3637-764F-B80D-D8CC-4D0A49A7418F">
<createdBy>lilia</createdBy>
<createdTime>2024-01-03 20:03:14 UTC</createdTime>
<generatorID>A51984E6-3FE1-825B-D309-13BB5FA5D32D</generatorID>
<ownerDesignName>sqlmps</ownerDesignName>
<nullsAllowed>true</nullsAllowed>
<useDomainConstraints>false</useDomainConstraints>
<use>1</use>
<logicalDatatype>LOGDT008</logicalDatatype>
<ownDataTypeParameters>,,</ownDataTypeParameters>
<autoIncrementCycle>false</autoIncrementCycle>
</Column>
<Column name="Atividade_nome" id="07488483-7E86-C854-1AC0-9D82E0BA15CF">
<createdBy>lilia</createdBy>
<createdTime>2024-01-03 20:03:14 UTC</createdTime>
<generatorID>CE8F7152-E670-529C-F3D2-060DF3090743</generatorID>
<ownerDesignName>sqlmps</ownerDesignName>
<useDomainConstraints>false</useDomainConstraints>
<use>1</use>
<logicalDatatype>LOGDT024</logicalDatatype>
<dataTypeSize>20</dataTypeSize>
<ownDataTypeParameters>20,,</ownDataTypeParameters>
<previousColumn>false</previousColumn>
<autoIncrementCycle>false</autoIncrementCycle>
<associations>
<colAssociation fkAssociation="5EFDCCE6-8BBE-2142-096F-44A078E6CA41" referredColumn="C8D7CF70-3AEE-BF0E-E0F4-3445A0113CE3"/>
</associations>
</Column>
<Column name="id_atividade" id="5373CB94-688B-AB56-9C71-C95D09CD242A">
<createdBy>lilia</createdBy>
<createdTime>2024-01-08 21:22:30 UTC</createdTime>
<generatorID>6988B22A-B87B-9AD8-B9B3-3A3E6A44E9DC</generatorID>
<ownerDesignName>sqlmps</ownerDesignName>
<useDomainConstraints>false</useDomainConstraints>
<use>1</use>
<logicalDatatype>LOGDT011</logicalDatatype>
<ownDataTypeParameters>,,</ownDataTypeParameters>
<previousColumn>false</previousColumn>
<autoIncrementCycle>false</autoIncrementCycle>
</Column>
</columns>
<indexes itemClass="oracle.dbtools.crest.model.design.relational.Index">
<ind_PK_UK id="96DCE2B6-9AF0-C757-6ECE-186CBB5F053C" name="Lembrete__IDX">
<createdBy>lilia</createdBy>
<createdTime>2024-01-03 20:03:14 UTC</createdTime>
<ownerDesignName>sqlmps</ownerDesignName>
<indexState>Unique Plain Index</indexState>
<isSurrogateKey>false</isSurrogateKey>
<relationGeneratorID>C5A1B1B5-63E6-6AF6-9F25-2B2485ACB000</relationGeneratorID>
<indexColumnUsage>
<colUsage columnID="07488483-7E86-C854-1AC0-9D82E0BA15CF"/>
</indexColumnUsage>
</ind_PK_UK>
<ind_PK_UK id="351D8DBD-EBD8-EE3B-A7F4-8BEA50D60938" name="Lembrete_Atividade_FK">
<createdBy>lilia</createdBy>
<createdTime>2024-01-03 20:03:14 UTC</createdTime>
<generatorID>C5A1B1B5-63E6-6AF6-9F25-2B2485ACB000</generatorID>
<ownerDesignName>sqlmps</ownerDesignName>
<indexState>Foreign Key</indexState>
<isSurrogateKey>false</isSurrogateKey>
<indexColumnUsage>
<colUsage columnID="07488483-7E86-C854-1AC0-9D82E0BA15CF"/>
</indexColumnUsage>
</ind_PK_UK>
</indexes>
</Table>