<?xml version = '1.0' encoding = 'UTF-8'?>
<Table class="oracle.dbtools.crest.model.design.relational.Table" directorySegmentName="seg_0" id="CD25C5F2-352D-B558-38B3-5019E58F88AA" name="Tarefa">
<createdBy>lilia</createdBy>
<createdTime>2024-01-03 20:03:14 UTC</createdTime>
<generatorID>9B2FB0E2-F325-9461-6F22-F9988F761450</generatorID>
<ownerDesignName>sqlmps</ownerDesignName>
<allowColumnReorder>false</allowColumnReorder>
<existDependencyGenerateInDDl>true</existDependencyGenerateInDDl>
<parsed>true</parsed>
<columns itemClass="oracle.dbtools.crest.model.design.relational.Column">
<Column name="tipo" id="979D2AC8-0AAE-15CF-1451-655A3CBF13FF">
<createdBy>lilia</createdBy>
<createdTime>2024-01-03 20:03:14 UTC</createdTime>
<generatorID>F62F935D-19E1-41C6-2278-76DCA8A9BE32</generatorID>
<ownerDesignName>sqlmps</ownerDesignName>
<nullsAllowed>true</nullsAllowed>
<useDomainConstraints>false</useDomainConstraints>
<use>1</use>
<logicalDatatype>LOGDT024</logicalDatatype>
<dataTypeSize>10</dataTypeSize>
<ownDataTypeParameters>10,,</ownDataTypeParameters>
<autoIncrementCycle>false</autoIncrementCycle>
</Column>
<Column name="datahora" id="0A35F1AC-6047-4BB8-E1C6-B48C55A3C940">
<createdBy>lilia</createdBy>
<createdTime>2024-01-03 20:03:14 UTC</createdTime>
<generatorID>8225B4C6-E913-F6BF-852E-FEBB40DF7DF0</generatorID>
<ownerDesignName>sqlmps</ownerDesignName>
<nullsAllowed>true</nullsAllowed>
<useDomainConstraints>false</useDomainConstraints>
<use>1</use>
<logicalDatatype>LOGDT008</logicalDatatype>
<ownDataTypeParameters>,,</ownDataTypeParameters>
<autoIncrementCycle>false</autoIncrementCycle>
</Column>
<Column name="Atividade_nome" id="C3454FCF-9006-DD76-AC68-47223FED6300">
<createdBy>lilia</createdBy>
<createdTime>2024-01-03 20:03:14 UTC</createdTime>
<generatorID>99415FD4-903A-1D48-6B00-3B370CEC1C3B</generatorID>
<ownerDesignName>sqlmps</ownerDesignName>
<useDomainConstraints>false</useDomainConstraints>
<use>1</use>
<logicalDatatype>LOGDT024</logicalDatatype>
<dataTypeSize>20</dataTypeSize>
<ownDataTypeParameters>20,,</ownDataTypeParameters>
<previousColumn>false</previousColumn>
<autoIncrementCycle>false</autoIncrementCycle>
<associations>
<colAssociation fkAssociation="AE3153D5-C8C9-2442-4874-38171CDC655B" referredColumn="C8D7CF70-3AEE-BF0E-E0F4-3445A0113CE3"/>
</associations>
</Column>
<Column name="id_atividade" id="ABD41E77-C250-94CE-5721-E9117650688E">
<createdBy>lilia</createdBy>
<createdTime>2024-01-08 21:22:30 UTC</createdTime>
<generatorID>CCAE9F56-4FE5-D9C5-B946-A78DE98CDD65</generatorID>
<ownerDesignName>sqlmps</ownerDesignName>
<useDomainConstraints>false</useDomainConstraints>
<use>1</use>
<logicalDatatype>LOGDT011</logicalDatatype>
<ownDataTypeParameters>,,</ownDataTypeParameters>
<previousColumn>false</previousColumn>
<autoIncrementCycle>false</autoIncrementCycle>
</Column>
</columns>
<indexes itemClass="oracle.dbtools.crest.model.design.relational.Index">
<ind_PK_UK id="7DCB4A89-0159-53A8-DA6E-A0181B36FBCD" name="Tarefa__IDX">
<createdBy>lilia</createdBy>
<createdTime>2024-01-03 20:03:14 UTC</createdTime>
<ownerDesignName>sqlmps</ownerDesignName>
<indexState>Unique Plain Index</indexState>
<isSurrogateKey>false</isSurrogateKey>
<relationGeneratorID>0516EBFB-3EBC-1803-DA63-7268831E87D9</relationGeneratorID>
<indexColumnUsage>
<colUsage columnID="C3454FCF-9006-DD76-AC68-47223FED6300"/>
</indexColumnUsage>
</ind_PK_UK>
<ind_PK_UK id="5EFF192F-DA2B-40D8-0738-D7B2592ACA7D" name="Tarefa_Atividade_FK">
<createdBy>lilia</createdBy>
<createdTime>2024-01-03 20:03:14 UTC</createdTime>
<generatorID>0516EBFB-3EBC-1803-DA63-7268831E87D9</generatorID>
<ownerDesignName>sqlmps</ownerDesignName>
<indexState>Foreign Key</indexState>
<isSurrogateKey>false</isSurrogateKey>
<indexColumnUsage>
<colUsage columnID="C3454FCF-9006-DD76-AC68-47223FED6300"/>
</indexColumnUsage>
</ind_PK_UK>
</indexes>
</Table>