<?xml version = '1.0' encoding = 'UTF-8'?>
<Table class="oracle.dbtools.crest.model.design.relational.Table" directorySegmentName="seg_0" id="D3180A3C-6886-8BE4-7A2F-13AC2E981D49" name="Alarme">
<createdBy>lilia</createdBy>
<createdTime>2024-01-03 20:03:14 UTC</createdTime>
<generatorID>83A493FA-720B-8ECF-051E-B981C8A51688</generatorID>
<ownerDesignName>sqlmps</ownerDesignName>
<allowColumnReorder>false</allowColumnReorder>
<existDependencyGenerateInDDl>true</existDependencyGenerateInDDl>
<parsed>true</parsed>
<columns itemClass="oracle.dbtools.crest.model.design.relational.Column">
<Column name="horario" id="04BEABCD-E673-92D4-81DE-E2353C038D73">
<createdBy>lilia</createdBy>
<createdTime>2024-01-03 20:03:14 UTC</createdTime>
<generatorID>5C39B216-3ABE-1685-BF24-C85556E41C7A</generatorID>
<ownerDesignName>sqlmps</ownerDesignName>
<useDomainConstraints>false</useDomainConstraints>
<use>1</use>
<logicalDatatype>LOGDT008</logicalDatatype>
<ownDataTypeParameters>,,</ownDataTypeParameters>
<autoIncrementCycle>false</autoIncrementCycle>
</Column>
<Column name="status" id="B8DF87C1-FD56-0DC4-699C-396EBAE2A8DB">
<createdBy>lilia</createdBy>
<createdTime>2024-01-03 20:03:14 UTC</createdTime>
<generatorID>3EEF541B-FE00-E9B7-C7CD-18EA8D8DC181</generatorID>
<ownerDesignName>sqlmps</ownerDesignName>
<useDomainConstraints>false</useDomainConstraints>
<use>1</use>
<logicalDatatype>LOGDT006</logicalDatatype>
<dataTypeSize>1</dataTypeSize>
<ownDataTypeParameters>1,,</ownDataTypeParameters>
<autoIncrementCycle>false</autoIncrementCycle>
</Column>
<Column name="Atividade_nome" id="793D1D1F-8C66-D00A-B4FD-D4388E84F72C">
<createdBy>lilia</createdBy>
<createdTime>2024-01-03 20:03:14 UTC</createdTime>
<generatorID>F20719B3-57EF-289E-9ADB-728670CC45C3</generatorID>
<ownerDesignName>sqlmps</ownerDesignName>
<useDomainConstraints>false</useDomainConstraints>
<use>1</use>
<logicalDatatype>LOGDT024</logicalDatatype>
<dataTypeSize>20</dataTypeSize>
<ownDataTypeParameters>20,,</ownDataTypeParameters>
<previousColumn>false</previousColumn>
<autoIncrementCycle>false</autoIncrementCycle>
<associations>
<colAssociation fkAssociation="9CC26001-53DB-D0F9-9F14-73161056B435" referredColumn="C8D7CF70-3AEE-BF0E-E0F4-3445A0113CE3"/>
</associations>
</Column>
<Column name="id_atividade" id="213C8BEA-6BE8-4FA3-AE0C-20BFC9171C0B">
<createdBy>lilia</createdBy>
<createdTime>2024-01-08 21:22:30 UTC</createdTime>
<generatorID>7562B400-CE12-E43C-0E08-005B6DD4EA32</generatorID>
<ownerDesignName>sqlmps</ownerDesignName>
<useDomainConstraints>false</useDomainConstraints>
<use>1</use>
<logicalDatatype>LOGDT011</logicalDatatype>
<ownDataTypeParameters>,,</ownDataTypeParameters>
<previousColumn>false</previousColumn>
<autoIncrementCycle>false</autoIncrementCycle>
</Column>
</columns>
<indexes itemClass="oracle.dbtools.crest.model.design.relational.Index">
<ind_PK_UK id="FFE20E75-2942-2857-E33E-AC8F72863ACD" name="Alarme__IDX">
<createdBy>lilia</createdBy>
<createdTime>2024-01-03 20:03:14 UTC</createdTime>
<ownerDesignName>sqlmps</ownerDesignName>
<indexState>Unique Plain Index</indexState>
<isSurrogateKey>false</isSurrogateKey>
<relationGeneratorID>C18AA026-A06A-DBBD-FAC3-B77AA5FA24EA</relationGeneratorID>
<indexColumnUsage>
<colUsage columnID="793D1D1F-8C66-D00A-B4FD-D4388E84F72C"/>
</indexColumnUsage>
</ind_PK_UK>
<ind_PK_UK id="83F0CE36-262C-5AAB-5EF4-17591BC82149" name="Alarme_Atividade_FK">
<createdBy>lilia</createdBy>
<createdTime>2024-01-03 20:03:14 UTC</createdTime>
<generatorID>C18AA026-A06A-DBBD-FAC3-B77AA5FA24EA</generatorID>
<ownerDesignName>sqlmps</ownerDesignName>
<indexState>Foreign Key</indexState>
<isSurrogateKey>false</isSurrogateKey>
<indexColumnUsage>
<colUsage columnID="793D1D1F-8C66-D00A-B4FD-D4388E84F72C"/>
</indexColumnUsage>
</ind_PK_UK>
</indexes>
</Table>