<?xml version = '1.0' encoding = 'UTF-8'?>
<Table class="oracle.dbtools.crest.model.design.relational.Table" directorySegmentName="seg_0" id="F25FD440-9577-F039-107B-1959E4516D2E" name="Relation_20">
<createdBy>lilia</createdBy>
<createdTime>2024-01-03 20:03:14 UTC</createdTime>
<ownerDesignName>sqlmps</ownerDesignName>
<allowColumnReorder>false</allowColumnReorder>
<existDependencyGenerateInDDl>true</existDependencyGenerateInDDl>
<parsed>true</parsed>
<columns itemClass="oracle.dbtools.crest.model.design.relational.Column">
<Column name="Atividade_nome" id="5BCA759C-B303-BF41-1B84-4DD389C3803C">
<createdBy>lilia</createdBy>
<createdTime>2024-01-03 20:03:14 UTC</createdTime>
<ownerDesignName>sqlmps</ownerDesignName>
<useDomainConstraints>false</useDomainConstraints>
<use>1</use>
<logicalDatatype>LOGDT024</logicalDatatype>
<dataTypeSize>20</dataTypeSize>
<ownDataTypeParameters>20,,</ownDataTypeParameters>
<previousColumn>false</previousColumn>
<autoIncrementCycle>false</autoIncrementCycle>
<associations>
<colAssociation fkAssociation="960EC81B-4E99-0467-BE07-77E1771BB263" referredColumn="C8D7CF70-3AEE-BF0E-E0F4-3445A0113CE3"/>
</associations>
</Column>
<Column name="Convite_UsuarioJ_login" id="6022A7E4-9561-4B3E-5352-EB4F7ACBFC91">
<createdBy>lilia</createdBy>
<createdTime>2024-01-08 20:47:41 UTC</createdTime>
<ownerDesignName>sqlmps</ownerDesignName>
<nullsAllowed>true</nullsAllowed>
<useDomainConstraints>false</useDomainConstraints>
<use>1</use>
<logicalDatatype>LOGDT024</logicalDatatype>
<dataTypeSize>15</dataTypeSize>
<ownDataTypeParameters>,,</ownDataTypeParameters>
<previousColumn>false</previousColumn>
<autoIncrementCycle>false</autoIncrementCycle>
<associations>
<colAssociation fkAssociation="154C057B-66FA-34C3-BA9C-FD5EAA2DE5F0" referredColumn="EBC59D84-4286-233B-2EA3-82130DCDBFAD"/>
</associations>
</Column>
</columns>
<indexes itemClass="oracle.dbtools.crest.model.design.relational.Index">
<ind_PK_UK id="60ABD78A-358F-A3AF-FB54-50245628006F" name="Relation_20_PK">
<createdBy>lilia</createdBy>
<createdTime>2024-01-03 20:03:14 UTC</createdTime>
<ownerDesignName>sqlmps</ownerDesignName>
<pk>true</pk>
<indexState>Primary Constraint</indexState>
<isSurrogateKey>false</isSurrogateKey>
<indexColumnUsage>
<colUsage columnID="5BCA759C-B303-BF41-1B84-4DD389C3803C"/>
<colUsage columnID="6022A7E4-9561-4B3E-5352-EB4F7ACBFC91"/>
</indexColumnUsage>
</ind_PK_UK>
<ind_PK_UK id="3C4BCBA2-176A-F3CF-38EA-51387A437EA5" name="Relation_20_Convite_FK">
<createdBy>lilia</createdBy>
<createdTime>2024-01-03 20:03:14 UTC</createdTime>
<generatorID>A5D461CE-B2B3-5E5F-C795-12B76147D459</generatorID>
<ownerDesignName>sqlmps</ownerDesignName>
<indexState>Foreign Key</indexState>
<isSurrogateKey>false</isSurrogateKey>
<indexColumnUsage>
<colUsage columnID="6022A7E4-9561-4B3E-5352-EB4F7ACBFC91"/>
</indexColumnUsage>
</ind_PK_UK>
<ind_PK_UK id="92A6C67E-0FCF-8F0E-8889-901038C7360E" name="Relation_20_Atividade_FK">
<createdBy>lilia</createdBy>
<createdTime>2024-01-03 20:03:14 UTC</createdTime>
<generatorID>A5D461CE-B2B3-5E5F-C795-12B76147D459</generatorID>
<ownerDesignName>sqlmps</ownerDesignName>
<indexState>Foreign Key</indexState>
<isSurrogateKey>false</isSurrogateKey>
<indexColumnUsage>
<colUsage columnID="5BCA759C-B303-BF41-1B84-4DD389C3803C"/>
</indexColumnUsage>
</ind_PK_UK>
</indexes>
</Table>