<?xml version = '1.0' encoding = 'UTF-8'?>
<Table class="oracle.dbtools.crest.model.design.relational.Table" directorySegmentName="seg_0" id="FC197333-B40A-E29A-0FEF-C1A020F8AC5E" name="Relation_19">
<createdBy>lilia</createdBy>
<createdTime>2024-01-03 20:03:14 UTC</createdTime>
<ownerDesignName>sqlmps</ownerDesignName>
<allowColumnReorder>false</allowColumnReorder>
<existDependencyGenerateInDDl>true</existDependencyGenerateInDDl>
<parsed>true</parsed>
<columns itemClass="oracle.dbtools.crest.model.design.relational.Column">
<Column name="Atividade_nome" id="AE264743-EBC5-F38C-0B8F-0E95606C2C21">
<createdBy>lilia</createdBy>
<createdTime>2024-01-03 20:03:14 UTC</createdTime>
<ownerDesignName>sqlmps</ownerDesignName>
<useDomainConstraints>false</useDomainConstraints>
<use>1</use>
<logicalDatatype>LOGDT024</logicalDatatype>
<dataTypeSize>20</dataTypeSize>
<ownDataTypeParameters>20,,</ownDataTypeParameters>
<previousColumn>false</previousColumn>
<autoIncrementCycle>false</autoIncrementCycle>
<associations>
<colAssociation fkAssociation="6C528191-8778-6337-AAE3-E53CECD50A80" referredColumn="C8D7CF70-3AEE-BF0E-E0F4-3445A0113CE3"/>
</associations>
</Column>
<Column name="Grupo_nome_do_grupo" id="B3053499-1AED-E345-637A-0E9F218FC32D">
<createdBy>lilia</createdBy>
<createdTime>2024-01-08 20:47:41 UTC</createdTime>
<ownerDesignName>sqlmps</ownerDesignName>
<nullsAllowed>true</nullsAllowed>
<useDomainConstraints>false</useDomainConstraints>
<use>1</use>
<logicalDatatype>LOGDT024</logicalDatatype>
<dataTypeSize>50</dataTypeSize>
<ownDataTypeParameters>,,</ownDataTypeParameters>
<previousColumn>false</previousColumn>
<autoIncrementCycle>false</autoIncrementCycle>
<associations>
<colAssociation fkAssociation="575252E8-949A-8A3F-10C3-8408DD24346B" referredColumn="3D863D7B-A7E3-48EA-546C-2DF7FB5E09D7"/>
</associations>
</Column>
<Column name="Grupo_id_grupo" id="1679DC33-5A87-23BF-A1A7-3CB573D56004">
<createdBy>lilia</createdBy>
<createdTime>2024-01-08 21:22:30 UTC</createdTime>
<ownerDesignName>sqlmps</ownerDesignName>
<nullsAllowed>true</nullsAllowed>
<useDomainConstraints>false</useDomainConstraints>
<use>1</use>
<logicalDatatype>LOGDT011</logicalDatatype>
<ownDataTypeParameters>,,</ownDataTypeParameters>
<previousColumn>false</previousColumn>
<autoIncrementCycle>false</autoIncrementCycle>
<associations>
<colAssociation fkAssociation="575252E8-949A-8A3F-10C3-8408DD24346B" referredColumn="B22B37DF-C846-8E86-1028-5F4923E0C3A0"/>
</associations>
</Column>
</columns>
<indexes itemClass="oracle.dbtools.crest.model.design.relational.Index">
<ind_PK_UK id="53752CD5-9D7F-908F-D9C4-7665E319D8F0" name="Relation_19_PK">
<createdBy>lilia</createdBy>
<createdTime>2024-01-03 20:03:14 UTC</createdTime>
<ownerDesignName>sqlmps</ownerDesignName>
<pk>true</pk>
<indexState>Primary Constraint</indexState>
<isSurrogateKey>false</isSurrogateKey>
<indexColumnUsage>
<colUsage columnID="AE264743-EBC5-F38C-0B8F-0E95606C2C21"/>
<colUsage columnID="B3053499-1AED-E345-637A-0E9F218FC32D"/>
<colUsage columnID="1679DC33-5A87-23BF-A1A7-3CB573D56004"/>
</indexColumnUsage>
</ind_PK_UK>
<ind_PK_UK id="F733DC93-A687-7927-CE6E-F8818E2B4F46" name="Relation_19_Grupo_FK">
<createdBy>lilia</createdBy>
<createdTime>2024-01-03 20:03:14 UTC</createdTime>
<generatorID>4293E8A2-6826-8507-E36A-38B48800E363</generatorID>
<ownerDesignName>sqlmps</ownerDesignName>
<indexState>Foreign Key</indexState>
<isSurrogateKey>false</isSurrogateKey>
<indexColumnUsage>
<colUsage columnID="1679DC33-5A87-23BF-A1A7-3CB573D56004"/>
<colUsage columnID="B3053499-1AED-E345-637A-0E9F218FC32D"/>
</indexColumnUsage>
</ind_PK_UK>
<ind_PK_UK id="76837028-F6E1-DBC7-4E4E-60E405E6C348" name="Relation_19_Atividade_FK">
<createdBy>lilia</createdBy>
<createdTime>2024-01-03 20:03:14 UTC</createdTime>
<generatorID>4293E8A2-6826-8507-E36A-38B48800E363</generatorID>
<ownerDesignName>sqlmps</ownerDesignName>
<indexState>Foreign Key</indexState>
<isSurrogateKey>false</isSurrogateKey>
<indexColumnUsage>
<colUsage columnID="AE264743-EBC5-F38C-0B8F-0E95606C2C21"/>
</indexColumnUsage>
</ind_PK_UK>
</indexes>
</Table>