<?xml version = '1.0' encoding = 'UTF-8'?>
<Diagram class="oracle.dbtools.crest.swingui.logical.DPVLogical" name="Logical" id="99B43A73-D1DC-D132-733B-B9E7DBCA1A84">
<createdBy>lilia</createdBy>
<modifiedBy>lilia</modifiedBy>
<createdTime>2024-01-03 03:24:39 UTC</createdTime>
<autoRoute>false</autoRoute>
<boxInbox>true</boxInbox>
<showLegend>false</showLegend>
<showLabels>false</showLabels>
<showRelAttributes>false</showRelAttributes>
<gridEnabled>false</gridEnabled>
<showGrid>false</showGrid>
<diagramColor>-1</diagramColor>
<display>false</display>
<notation>1</notation>
<objectViews>
<OView class="oracle.dbtools.crest.swingui.logical.TVEntity" oid="01A5D3CB-4E75-FA12-1C60-4780AC62C8D7" otype="Entity" vid="A071CA20-8BCA-6007-E281-00328BC7A874">
<hideElementsInCurrentOnly>false</hideElementsInCurrentOnly>
<bounds x="222" y="245" width="125" height="54"/>
</OView>
<OView class="oracle.dbtools.crest.swingui.logical.TVEntity" oid="08AAB67A-56AB-8088-44D6-645E8A4EA730" otype="Entity" vid="A5D16A9D-476B-5A3C-F77E-824FBD708995">
<hideElementsInCurrentOnly>false</hideElementsInCurrentOnly>
<bounds x="802" y="248" width="99" height="54"/>
</OView>
<OView class="oracle.dbtools.crest.swingui.logical.TVEntity" oid="0D9A6AF4-313D-128F-327A-E9D67390E605" otype="Entity" vid="2127C907-2EEA-29F8-B988-EBF26B84290E">
<hideElementsInCurrentOnly>false</hideElementsInCurrentOnly>
<bounds x="517" y="210" width="116" height="82"/>
</OView>
<OView class="oracle.dbtools.crest.swingui.logical.TVEntity" oid="1C8BED96-EBD7-BEC6-DEBD-07C0AFF3743D" otype="Entity" vid="85B29743-F23F-A916-9D60-89A5D552F493">
<hideElementsInCurrentOnly>false</hideElementsInCurrentOnly>
<bounds x="0" y="414" width="121" height="40"/>
</OView>
<OView class="oracle.dbtools.crest.swingui.logical.TVEntity" oid="3934171A-D39A-C5E1-BB00-DA64FE06B152" otype="Entity" vid="86CCF8E6-BD0E-A206-059B-FC67D5F642FB">
<hideElementsInCurrentOnly>false</hideElementsInCurrentOnly>
<bounds x="508" y="40" width="109" height="54"/>
</OView>
<OView class="oracle.dbtools.crest.swingui.logical.TVEntity" oid="6206EFD2-9E6B-6BCF-08CF-F8A9354C897B" otype="Entity" vid="F854F56A-AA27-D503-F0E1-981481F30FD3">
<hideElementsInCurrentOnly>false</hideElementsInCurrentOnly>
<bounds x="343" y="64" width="105" height="40"/>
</OView>
<OView class="oracle.dbtools.crest.swingui.logical.TVEntity" oid="83A493FA-720B-8ECF-051E-B981C8A51688" otype="Entity" vid="3F09A9D3-1C27-3AD4-0289-E4F73E9E983A">
<hideElementsInCurrentOnly>false</hideElementsInCurrentOnly>
<bounds x="796" y="149" width="90" height="54"/>
</OView>
<OView class="oracle.dbtools.crest.swingui.logical.TVEntity" oid="83E476FC-D1E8-2643-F46C-4A21841AFC90" otype="Entity" vid="9E602FF4-FD3C-132D-7004-E71190C52F02">
<hideElementsInCurrentOnly>false</hideElementsInCurrentOnly>
<bounds x="204" y="310" width="79" height="82"/>
</OView>
<OView class="oracle.dbtools.crest.swingui.logical.TVEntity" oid="8BBAF1A2-717D-81D1-60E0-4D58FA55CEAC" otype="Entity" vid="12D7BB0C-90C4-0A15-495F-E475B4523CD5">
<hideElementsInCurrentOnly>false</hideElementsInCurrentOnly>
<bounds x="27" y="28" width="115" height="40"/>
</OView>
<OView class="oracle.dbtools.crest.swingui.logical.TVEntity" oid="9704F2A6-9626-902A-9284-F99251038EE6" otype="Entity" vid="9A61F8FC-9337-6E82-B83C-D80E47A98581">
<hideElementsInCurrentOnly>false</hideElementsInCurrentOnly>
<bounds x="677" y="63" width="102" height="68"/>
</OView>
<OView class="oracle.dbtools.crest.swingui.logical.TVEntity" oid="9B2FB0E2-F325-9461-6F22-F9988F761450" otype="Entity" vid="F67FBF2B-E4DD-B0B9-ED3E-D44BF8A80D23">
<hideElementsInCurrentOnly>false</hideElementsInCurrentOnly>
<bounds x="681" y="332" width="75" height="40"/>
</OView>
<OView class="oracle.dbtools.crest.swingui.logical.TVEntity" oid="A6187EE3-752E-EF88-5871-01DFC74D382E" otype="Entity" vid="45412283-3476-F179-EBDD-B6C240D83108">
<hideElementsInCurrentOnly>false</hideElementsInCurrentOnly>
<bounds x="305" y="158" width="109" height="68"/>
</OView>
<OView class="oracle.dbtools.crest.swingui.logical.TVEntity" oid="CA14B929-7672-325F-1C72-30010E08D498" otype="Entity" vid="E3D4C9BB-8D36-908D-33E4-CADFEC9ADEA6">
<hideElementsInCurrentOnly>false</hideElementsInCurrentOnly>
<bounds x="168" y="29" width="160" height="82"/>
</OView>
<OView class="oracle.dbtools.crest.swingui.logical.TVEntity" oid="DDB56F9D-8E3D-D220-FE32-8E240B156487" otype="Entity" vid="25A59FC7-738E-0341-ED55-04A6AD63C830">
<hideElementsInCurrentOnly>false</hideElementsInCurrentOnly>
<bounds x="10" y="203" width="106" height="110"/>
</OView>
<OView class="oracle.dbtools.crest.swingui.logical.TVEntity" oid="EDF78009-A26D-DD43-D486-10865D34EA89" otype="Entity" vid="840ECC1B-2EA0-DE89-754B-5309A62CF6BC">
<hideElementsInCurrentOnly>false</hideElementsInCurrentOnly>
<bounds x="183" y="423" width="112" height="68"/>
</OView>
<OView class="oracle.dbtools.crest.swingui.logical.TVEntity" oid="F092081D-2E93-0884-C170-94A7A60A169C" otype="Entity" vid="2DF31A4F-E6EB-81FE-21FB-6FC68ADE3751">
<hideElementsInCurrentOnly>false</hideElementsInCurrentOnly>
<bounds x="510" y="358" width="138" height="54"/>
</OView>
</objectViews>
<connectors>
<Connector class="oracle.dbtools.crest.swingui.logical.TVRelation" oid="0516EBFB-3EBC-1803-DA63-7268831E87D9" otype="Relation" vid_source="2127C907-2EEA-29F8-B988-EBF26B84290E" vid_target="F67FBF2B-E4DD-B0B9-ED3E-D44BF8A80D23">
<hideElementsInCurrentOnly>false</hideElementsInCurrentOnly>
<backgroundColor>-16777216</backgroundColor>
<lineWidth>1</lineWidth>
<points>
<point x="604" y="292"/>
<point x="694" y="332"/>
</points>
</Connector>
<Connector class="oracle.dbtools.crest.swingui.logical.TVRelation" oid="1619FAD1-EFA0-E789-FB69-D17C05BA4AD9" otype="Relation" vid_source="25A59FC7-738E-0341-ED55-04A6AD63C830" vid_target="2127C907-2EEA-29F8-B988-EBF26B84290E">
<hideElementsInCurrentOnly>false</hideElementsInCurrentOnly>
<backgroundColor>-16777216</backgroundColor>
<lineWidth>1</lineWidth>
<points>
<point x="116" y="237"/>
<point x="517" y="237"/>
</points>
</Connector>
<Connector class="oracle.dbtools.crest.swingui.logical.TVRelation" oid="17C2F078-5105-0DC9-76FE-01BA318875EC" otype="Relation" vid_source="25A59FC7-738E-0341-ED55-04A6AD63C830" vid_target="45412283-3476-F179-EBDD-B6C240D83108">
<hideElementsInCurrentOnly>false</hideElementsInCurrentOnly>
<backgroundColor>-16777216</backgroundColor>
<lineWidth>1</lineWidth>
<points>
<point x="116" y="214"/>
<point x="305" y="214"/>
</points>
</Connector>
<Connector class="oracle.dbtools.crest.swingui.logical.TVRelation" oid="31BDF69A-8E76-E218-5268-F915C73C5A3B" otype="Relation" vid_source="2127C907-2EEA-29F8-B988-EBF26B84290E" vid_target="9A61F8FC-9337-6E82-B83C-D80E47A98581">
<hideElementsInCurrentOnly>false</hideElementsInCurrentOnly>
<backgroundColor>-16777216</backgroundColor>
<lineWidth>1</lineWidth>
<points>
<point x="599" y="210"/>
<point x="689" y="131"/>
</points>
</Connector>
<Connector class="oracle.dbtools.crest.swingui.logical.TVRelation" oid="4293E8A2-6826-8507-E36A-38B48800E363" otype="Relation" vid_source="E3D4C9BB-8D36-908D-33E4-CADFEC9ADEA6" vid_target="2127C907-2EEA-29F8-B988-EBF26B84290E">
<hideElementsInCurrentOnly>false</hideElementsInCurrentOnly>
<backgroundColor>-16777216</backgroundColor>
<lineWidth>1</lineWidth>
<points>
<point x="323" y="111"/>
<point x="517" y="216"/>
</points>
</Connector>
<Connector class="oracle.dbtools.crest.swingui.logical.TVRelation" oid="54233338-61D3-3E36-6F84-1CB1FAE87866" otype="Relation" vid_source="25A59FC7-738E-0341-ED55-04A6AD63C830" vid_target="85B29743-F23F-A916-9D60-89A5D552F493">
<hideElementsInCurrentOnly>false</hideElementsInCurrentOnly>
<backgroundColor>-16777216</backgroundColor>
<lineWidth>1</lineWidth>
<points>
<point x="59" y="313"/>
<point x="59" y="414"/>
</points>
</Connector>
<Connector class="oracle.dbtools.crest.swingui.logical.TVRelation" oid="66EE258F-CA42-0265-23D2-7ACCB8E3FCDA" otype="Relation" vid_source="25A59FC7-738E-0341-ED55-04A6AD63C830" vid_target="9E602FF4-FD3C-132D-7004-E71190C52F02">
<hideElementsInCurrentOnly>false</hideElementsInCurrentOnly>
<backgroundColor>-16777216</backgroundColor>
<lineWidth>1</lineWidth>
<points>
<point x="116" y="277"/>
<point x="204" y="329"/>
</points>
</Connector>
<Connector class="oracle.dbtools.crest.swingui.logical.TVRelation" oid="6798EBFB-DCE9-CF8C-2208-888CE68A283E" otype="Relation" vid_source="E3D4C9BB-8D36-908D-33E4-CADFEC9ADEA6" vid_target="45412283-3476-F179-EBDD-B6C240D83108">
<hideElementsInCurrentOnly>false</hideElementsInCurrentOnly>
<backgroundColor>-16777216</backgroundColor>
<lineWidth>1</lineWidth>
<points>
<point x="316" y="111"/>
<point x="316" y="158"/>
</points>
</Connector>
<Connector class="oracle.dbtools.crest.swingui.logical.TVRelation" oid="6D46C634-2BCF-276B-0F92-B82EBB23B394" otype="Relation" vid_source="2127C907-2EEA-29F8-B988-EBF26B84290E" vid_target="2DF31A4F-E6EB-81FE-21FB-6FC68ADE3751">
<hideElementsInCurrentOnly>false</hideElementsInCurrentOnly>
<backgroundColor>-16777216</backgroundColor>
<lineWidth>1</lineWidth>
<points>
<point x="566" y="292"/>
<point x="566" y="358"/>
</points>
</Connector>
<Connector class="oracle.dbtools.crest.swingui.logical.TVRelation" oid="78EBE756-CA38-AA70-EE0B-D217A5962372" otype="Relation" vid_source="25A59FC7-738E-0341-ED55-04A6AD63C830" vid_target="F854F56A-AA27-D503-F0E1-981481F30FD3">
<hideElementsInCurrentOnly>false</hideElementsInCurrentOnly>
<backgroundColor>-16777216</backgroundColor>
<lineWidth>1</lineWidth>
<points>
<point x="116" y="226"/>
<point x="355" y="104"/>
</points>
</Connector>
<Connector class="oracle.dbtools.crest.swingui.logical.TVRelation" oid="A5D461CE-B2B3-5E5F-C795-12B76147D459" otype="Relation" vid_source="840ECC1B-2EA0-DE89-754B-5309A62CF6BC" vid_target="2127C907-2EEA-29F8-B988-EBF26B84290E">
<hideElementsInCurrentOnly>false</hideElementsInCurrentOnly>
<backgroundColor>-16777216</backgroundColor>
<lineWidth>1</lineWidth>
<points>
<point x="281" y="423"/>
<point x="517" y="264"/>
</points>
</Connector>
<Connector class="oracle.dbtools.crest.swingui.logical.TVRelation" oid="B3603061-A00F-9FA2-7129-E2714DAC1292" otype="Relation" vid_source="E3D4C9BB-8D36-908D-33E4-CADFEC9ADEA6" vid_target="A071CA20-8BCA-6007-E281-00328BC7A874">
<hideElementsInCurrentOnly>false</hideElementsInCurrentOnly>
<backgroundColor>-16777216</backgroundColor>
<lineWidth>1</lineWidth>
<points>
<point x="260" y="111"/>
<point x="260" y="245"/>
</points>
</Connector>
<Connector class="oracle.dbtools.crest.swingui.logical.TVRelation" oid="BBF47490-61A6-9A6D-6593-EC84505A3228" otype="Relation" vid_source="E3D4C9BB-8D36-908D-33E4-CADFEC9ADEA6" vid_target="840ECC1B-2EA0-DE89-754B-5309A62CF6BC">
<hideElementsInCurrentOnly>false</hideElementsInCurrentOnly>
<backgroundColor>-16777216</backgroundColor>
<lineWidth>1</lineWidth>
<points>
<point x="239" y="111"/>
<point x="239" y="423"/>
</points>
</Connector>
<Connector class="oracle.dbtools.crest.swingui.logical.TVRelation" oid="BD9B3363-87D6-12EA-9942-118EBD31F312" otype="Relation" vid_source="A071CA20-8BCA-6007-E281-00328BC7A874" vid_target="2127C907-2EEA-29F8-B988-EBF26B84290E">
<hideElementsInCurrentOnly>false</hideElementsInCurrentOnly>
<backgroundColor>-16777216</backgroundColor>
<lineWidth>1</lineWidth>
<points>
<point x="347" y="254"/>
<point x="517" y="254"/>
</points>
</Connector>
<Connector class="oracle.dbtools.crest.swingui.logical.TVRelation" oid="BE671EDC-CE17-5EA5-0122-4525B59251A8" otype="Relation" vid_source="25A59FC7-738E-0341-ED55-04A6AD63C830" vid_target="A071CA20-8BCA-6007-E281-00328BC7A874">
<hideElementsInCurrentOnly>false</hideElementsInCurrentOnly>
<backgroundColor>-16777216</backgroundColor>
<lineWidth>1</lineWidth>
<points>
<point x="116" y="287"/>
<point x="222" y="287"/>
</points>
</Connector>
<Connector class="oracle.dbtools.crest.swingui.logical.TVRelation" oid="C18AA026-A06A-DBBD-FAC3-B77AA5FA24EA" otype="Relation" vid_source="2127C907-2EEA-29F8-B988-EBF26B84290E" vid_target="3F09A9D3-1C27-3AD4-0289-E4F73E9E983A">
<hideElementsInCurrentOnly>false</hideElementsInCurrentOnly>
<backgroundColor>-16777216</backgroundColor>
<lineWidth>1</lineWidth>
<points>
<point x="633" y="225"/>
<point x="796" y="186"/>
</points>
</Connector>
<Connector class="oracle.dbtools.crest.swingui.logical.TVRelation" oid="C3D81924-9A96-65DF-A703-DAD5D6AE24F7" otype="Relation" vid_source="E3D4C9BB-8D36-908D-33E4-CADFEC9ADEA6" vid_target="9E602FF4-FD3C-132D-7004-E71190C52F02">
<hideElementsInCurrentOnly>false</hideElementsInCurrentOnly>
<backgroundColor>-16777216</backgroundColor>
<lineWidth>1</lineWidth>
<points>
<point x="213" y="111"/>
<point x="213" y="310"/>
</points>
</Connector>
<Connector class="oracle.dbtools.crest.swingui.logical.TVRelation" oid="C5A1B1B5-63E6-6AF6-9F25-2B2485ACB000" otype="Relation" vid_source="2127C907-2EEA-29F8-B988-EBF26B84290E" vid_target="86CCF8E6-BD0E-A206-059B-FC67D5F642FB">
<hideElementsInCurrentOnly>false</hideElementsInCurrentOnly>
<backgroundColor>-16777216</backgroundColor>
<lineWidth>1</lineWidth>
<points>
<point x="567" y="210"/>
<point x="567" y="94"/>
</points>
</Connector>
<Connector class="oracle.dbtools.crest.swingui.logical.TVRelation" oid="CE36CAFE-CF02-6FCE-66C8-CD7E07B0E878" otype="Relation" vid_source="25A59FC7-738E-0341-ED55-04A6AD63C830" vid_target="12D7BB0C-90C4-0A15-495F-E475B4523CD5">
<hideElementsInCurrentOnly>false</hideElementsInCurrentOnly>
<backgroundColor>-16777216</backgroundColor>
<lineWidth>1</lineWidth>
<points>
<point x="68" y="203"/>
<point x="68" y="68"/>
</points>
</Connector>
<Connector class="oracle.dbtools.crest.swingui.logical.TVRelation" oid="E0186D4A-1A45-89E5-82A2-54C393291549" otype="Relation" vid_source="25A59FC7-738E-0341-ED55-04A6AD63C830" vid_target="840ECC1B-2EA0-DE89-754B-5309A62CF6BC">
<hideElementsInCurrentOnly>false</hideElementsInCurrentOnly>
<backgroundColor>-16777216</backgroundColor>
<lineWidth>1</lineWidth>
<points>
<point x="116" y="299"/>
<point x="215" y="423"/>
</points>
</Connector>
<Connector class="oracle.dbtools.crest.swingui.logical.TVRelation" oid="E4574FC2-403F-3868-121D-DB3647BB493B" otype="Relation" vid_source="85B29743-F23F-A916-9D60-89A5D552F493" vid_target="840ECC1B-2EA0-DE89-754B-5309A62CF6BC">
<hideElementsInCurrentOnly>false</hideElementsInCurrentOnly>
<backgroundColor>-16777216</backgroundColor>
<lineWidth>1</lineWidth>
<points>
<point x="121" y="438"/>
<point x="183" y="438"/>
</points>
</Connector>
<Connector class="oracle.dbtools.crest.swingui.logical.TVRelation" oid="E8065BF3-8416-DA86-6B64-799FAFE21B1F" otype="Relation" vid_source="25A59FC7-738E-0341-ED55-04A6AD63C830" vid_target="E3D4C9BB-8D36-908D-33E4-CADFEC9ADEA6">
<hideElementsInCurrentOnly>false</hideElementsInCurrentOnly>
<backgroundColor>-16777216</backgroundColor>
<lineWidth>1</lineWidth>
<points>
<point x="116" y="204"/>
<point x="297" y="111"/>
</points>
</Connector>
<Connector class="oracle.dbtools.crest.swingui.logical.TVRelation" oid="EF7044AF-8AD4-A43C-E001-313DED25626F" otype="Relation" vid_source="E3D4C9BB-8D36-908D-33E4-CADFEC9ADEA6" vid_target="85B29743-F23F-A916-9D60-89A5D552F493">
<hideElementsInCurrentOnly>false</hideElementsInCurrentOnly>
<backgroundColor>-16777216</backgroundColor>
<lineWidth>1</lineWidth>
<points>
<point x="226" y="111"/>
<point x="70" y="414"/>
</points>
</Connector>
<Connector class="oracle.dbtools.crest.swingui.logical.TVRelation" oid="F903FD4A-DFE9-6625-BFEE-87FA1DBBCA09" otype="Relation" vid_source="2127C907-2EEA-29F8-B988-EBF26B84290E" vid_target="A5D16A9D-476B-5A3C-F77E-824FBD708995">
<hideElementsInCurrentOnly>false</hideElementsInCurrentOnly>
<backgroundColor>-16777216</backgroundColor>
<lineWidth>1</lineWidth>
<points>
<point x="633" y="256"/>
<point x="802" y="256"/>
</points>
</Connector>
</connectors>
</Diagram>